Team Name,Play Type,Player,POSS,%TIME,%TIME RANK,PTS,PPP,PPP RANK,PPP RATING,FG ATT,FG MADE,FG MISS,FG%,EFG%,SSQ,PPS,SSM,TS%,TSA,TO%,%FT,FTA/FGA,%SF,SCORE%,2 FG ATT,2 FG MADE,2 FG MISS,2 FG%,3FG ATT,3 FG MADE,3 FG MISS,3 FG%,3PA/FGA
Sheffield Sharks,Spot Up,#1Dirk Williams,53,18.0%,75%,38,0.717,91%,Excellent,49,13,36,26.5%,34.7%,0.98,0.69,-0.29,37.4%,51,3.8%,3.8%,0.08,1.9%,28.3%,13,5,8,38.5%,36,8,28,22.2%,0.73
Sheffield Sharks,Spot Up,#3Rodney Chatman,48,16.3%,86%,30,0.625,93%,Excellent,43,11,32,25.6%,33.7%,0.97,0.67,-0.30,34.5%,43,10.4%,2.1%,0.02,2.1%,22.9%,10,4,6,40.0%,33,7,26,21.2%,0.77
Sheffield Sharks,Spot Up,#4William Lee,38,12.9%,68%,37,0.974,49%,Average,33,14,19,42.4%,54.5%,0.98,1.09,+0.11,52.6%,35,7.9%,7.9%,0.15,7.9%,39.5%,10,6,4,60.0%,23,8,15,34.8%,0.70
Sheffield Sharks,Spot Up,#9Jordan Ratinho,33,11.2%,54%,44,1.333,8%,Poor,32,17,15,53.1%,67.2%,0.94,1.34,+0.40,67.8%,32,3.0%,3.0%,0.03,3.0%,51.5%,13,8,5,61.5%,19,9,10,47.4%,0.59
Sheffield Sharks,Spot Up,#24Nick Kern,33,11.2%,74%,33,1.000,46%,Average,28,12,16,42.9%,53.6%,0.98,1.07,+0.09,56.3%,29,12.1%,6.1%,0.11,3.0%,39.4%,11,6,5,54.5%,17,6,11,35.3%,0.61
Sheffield Sharks,Spot Up,#23Jalen Deloach,31,10.5%,95%,27,0.871,71%,Very Good,25,7,18,28.0%,42.0%,0.95,0.84,-0.11,47.3%,29,6.5%,12.9%,0.32,12.9%,35.5%,7,0,7,0.0%,18,7,11,38.9%,0.72
Sheffield Sharks,Spot Up,#11Rodney Glasgow,21,7.1%,33%,19,0.905,66%,Very Good,20,8,12,40.0%,47.5%,0.94,0.95,+0.01,47.5%,20,4.8%,0.0%,0.00,0.0%,38.1%,6,5,1,83.3%,14,3,11,21.4%,0.70
Sheffield Sharks,Spot Up,#2Prentiss Nixon,20,6.8%,36%,11,0.550,97%,Excellent,19,4,15,21.1%,28.9%,0.95,0.58,-0.37,27.7%,20,0.0%,5.0%,0.11,5.0%,20.0%,4,1,3,25.0%,15,3,12,20.0%,0.79
Sheffield Sharks,Spot Up,#15Mike Ochereobia,15,5.1%,45%,25,1.667,1%,Poor,14,9,5,64.3%,82.1%,1.04,1.64,+0.60,84.0%,15,0.0%,6.7%,0.14,6.7%,66.7%,6,4,2,66.7%,8,5,3,62.5%,0.57
Sheffield Sharks,Spot Up,#5Mervin James,2,0.7%,-,0,0.000,-,-,2,0,2,0.0%,0.0%,0.71,0.00,-0.71,0.0%,2,0.0%,0.0%,0.00,0.0%,0.0%,2,0,2,0.0%,0,0,0,-,0.00
Sheffield Sharks,Spot Up,Transition,172,16.4%,11%,186,1.081,56%,Good,134,68,66,50.7%,58.6%,1.24,1.17,-0.07,61.7%,151,11.6%,11.6%,0.28,9.9%,49.4%,80,47,33,58.8%,54,21,33,38.9%,0.40
Sheffield Sharks,P&R Ball Handler,#3Rodney Chatman,29,20.6%,41%,13,0.448,96%,Excellent,20,5,15,25.0%,27.5%,0.92,0.55,-0.37,31.1%,21,27.6%,3.4%,0.10,3.4%,20.7%,13,4,9,30.8%,7,1,6,14.3%,0.35
Sheffield Sharks,P&R Ball Handler,#11Rodney Glasgow,26,18.4%,78%,27,1.038,20%,Below Average,20,10,10,50.0%,62.5%,0.90,1.25,+0.35,60.8%,22,15.4%,11.5%,0.25,7.7%,42.3%,10,5,5,50.0%,10,5,5,50.0%,0.50
Sheffield Sharks,P&R Ball Handler,#1Dirk Williams,21,14.9%,11%,15,0.714,69%,Very Good,18,7,11,38.9%,38.9%,0.89,0.78,-0.11,40.7%,18,14.3%,4.8%,0.06,4.8%,33.3%,14,7,7,50.0%,4,0,4,0.0%,0.22
Sheffield Sharks,P&R Ball Handler,#24Nick Kern,21,14.9%,39%,11,0.524,89%,Excellent,12,2,10,16.7%,20.8%,0.94,0.42,-0.52,37.6%,15,28.6%,14.3%,0.50,9.5%,23.8%,5,1,4,20.0%,7,1,6,14.3%,0.58
Sheffield Sharks,P&R Ball Handler,#2Prentiss Nixon,19,13.5%,52%,12,0.632,81%,Very Good,13,5,8,38.5%,38.5%,0.87,0.77,-0.10,38.4%,16,21.1%,21.1%,0.46,15.8%,31.6%,9,5,4,55.6%,4,0,4,0.0%,0.31
Sheffield Sharks,P&R Ball Handler,#9Jordan Ratinho,13,9.2%,7%,6,0.462,94%,Excellent,9,2,7,22.2%,22.2%,0.84,0.44,-0.40,29.1%,10,23.1%,15.4%,0.33,15.4%,23.1%,5,2,3,40.0%,4,0,4,0.0%,0.44
Sheffield Sharks,P&R Ball Handler,#4William Lee,11,7.8%,0%,11,1.000,28%,Below Average,10,4,6,40.0%,55.0%,0.92,1.10,+0.18,55.0%,10,9.1%,0.0%,0.00,0.0%,36.4%,3,1,2,33.3%,7,3,4,42.9%,0.70
Sheffield Sharks,P&R Ball Handler,#23Jalen Deloach,1,0.7%,-,3,3.000,-,-,1,1,0,100.0%,150.0%,2.19,3.00,+0.81,150.0%,1,0.0%,0.0%,0.00,0.0%,100.0%,0,0,0,-,1,1,0,100.0%,1.00
Sheffield Sharks,Post-Up,#4William Lee,15,21.4%,53%,11,0.733,65%,Good,12,4,8,33.3%,33.3%,0.90,0.67,-0.23,38.7%,14,6.7%,20.0%,0.42,20.0%,40.0%,12,4,8,33.3%,0,0,0,-,0.00
Sheffield Sharks,Post-Up,#23Jalen Deloach,11,15.7%,59%,10,0.909,29%,Below Average,9,3,6,33.3%,33.3%,0.79,0.67,-0.12,46.5%,11,0.0%,18.2%,0.44,18.2%,45.5%,9,3,6,33.3%,0,0,0,-,0.00
Sheffield Sharks,Post-Up,#9Jordan Ratinho,10,14.3%,18%,6,0.600,82%,Very Good,8,2,6,25.0%,25.0%,0.93,0.50,-0.43,32.2%,9,10.0%,20.0%,0.38,20.0%,30.0%,8,2,6,25.0%,0,0,0,-,0.00
Sheffield Sharks,Post-Up,#15Mike Ochereobia,9,12.9%,-,6,0.667,-,-,5,2,3,40.0%,40.0%,0.80,0.80,0.00,47.5%,6,33.3%,22.2%,0.60,22.2%,33.3%,5,2,3,40.0%,0,0,0,-,0.00
Sheffield Sharks,Post-Up,#1Dirk Williams,8,11.4%,-,0,0.000,-,-,5,0,5,0.0%,0.0%,0.82,0.00,-0.82,0.0%,6,25.0%,12.5%,0.40,12.5%,0.0%,5,0,5,0.0%,0,0,0,-,0.00
Sheffield Sharks,Post-Up,#2Prentiss Nixon,7,10.0%,-,6,0.857,-,-,5,3,2,60.0%,60.0%,1.00,1.20,+0.20,60.0%,5,28.6%,0.0%,0.00,0.0%,42.9%,5,3,2,60.0%,0,0,0,-,0.00
Sheffield Sharks,Post-Up,#24Nick Kern,6,8.6%,-,5,0.833,-,-,4,1,3,25.0%,25.0%,0.99,0.50,-0.49,43.4%,6,0.0%,33.3%,1.00,33.3%,50.0%,4,1,3,25.0%,0,0,0,-,0.00
Sheffield Sharks,Post-Up,#3Rodney Chatman,2,2.9%,-,3,1.500,-,-,1,1,0,100.0%,100.0%,0.83,2.00,+1.17,104.2%,1,50.0%,50.0%,1.00,50.0%,50.0%,1,1,0,100.0%,0,0,0,-,0.00
Sheffield Sharks,Post-Up,#11Rodney Glasgow,2,2.9%,-,4,2.000,-,-,2,2,0,100.0%,100.0%,0.74,2.00,+1.26,100.0%,2,0.0%,0.0%,0.00,0.0%,100.0%,2,2,0,100.0%,0,0,0,-,0.00
Sheffield Sharks,Post-Up,Miscellaneous Plays,67,6.4%,56%,44,0.657,0%,Poor,19,10,9,52.6%,57.9%,1.04,1.16,+0.12,68.3%,32,50.7%,23.9%,1.58,4.5%,34.3%,13,8,5,61.5%,6,2,4,33.3%,0.32
Sheffield Sharks,Post-Up,Offensive Rebounds (Put Backs),65,6.2%,78%,73,1.123,44%,Average,49,27,22,55.1%,55.1%,1.15,1.10,-0.05,60.4%,60,4.6%,20.0%,0.53,18.5%,58.5%,49,27,22,55.1%,0,0,0,-,0.00
Sheffield Sharks,P&R Roll Man,#23Jalen Deloach,7,11.5%,-,6,0.857,-,-,7,2,5,28.6%,42.9%,0.98,0.86,-0.12,42.9%,7,0.0%,0.0%,0.00,0.0%,28.6%,3,0,3,0.0%,4,2,2,50.0%,0.57
Sheffield Sharks,P&R Roll Man,#15Mike Ochereobia,5,8.2%,-,7,1.400,-,-,5,3,2,60.0%,70.0%,0.90,1.40,+0.50,70.0%,5,0.0%,0.0%,0.00,0.0%,60.0%,3,2,1,66.7%,2,1,1,50.0%,0.40
Sheffield Sharks,P&R Roll Man,#1Dirk Williams,4,6.6%,-,6,1.500,-,-,4,2,2,50.0%,75.0%,0.88,1.50,+0.62,75.0%,4,0.0%,0.0%,0.00,0.0%,50.0%,1,0,1,0.0%,3,2,1,66.7%,0.75
Sheffield Sharks,P&R Roll Man,#4William Lee,4,6.6%,-,2,0.500,-,-,3,1,2,33.3%,33.3%,0.84,0.67,-0.17,33.3%,3,25.0%,0.0%,0.00,0.0%,25.0%,2,1,1,50.0%,1,0,1,0.0%,0.33
Sheffield Sharks,P&R Roll Man,#3Rodney Chatman,2,3.3%,-,2,1.000,-,-,1,0,1,0.0%,0.0%,1.17,0.00,-1.17,53.2%,2,0.0%,50.0%,2.00,50.0%,50.0%,0,0,0,-,1,0,1,0.0%,1.00
Sheffield Sharks,P&R Roll Man,#9Jordan Ratinho,2,3.3%,-,3,1.500,-,-,2,1,1,50.0%,75.0%,1.01,1.50,+0.49,75.0%,2,0.0%,0.0%,0.00,0.0%,50.0%,0,0,0,-,2,1,1,50.0%,1.00
Sheffield Sharks,P&R Roll Man,#11Rodney Glasgow,2,3.3%,-,3,1.500,-,-,2,1,1,50.0%,75.0%,1.07,1.50,+0.43,75.0%,2,0.0%,0.0%,0.00,0.0%,50.0%,1,0,1,0.0%,1,1,0,100.0%,0.50
Sheffield Sharks,P&R Roll Man,#24Nick Kern,1,1.6%,-,0,0.000,-,-,1,0,1,0.0%,0.0%,1.61,0.00,-1.61,0.0%,1,0.0%,0.0%,0.00,0.0%,0.0%,1,0,1,0.0%,0,0,0,-,0.00
Sheffield Sharks,P&R Roll Man,#5Mervin James,1,1.6%,-,0,0.000,-,-,1,0,1,0.0%,0.0%,1.78,0.00,-1.78,0.0%,1,0.0%,0.0%,0.00,0.0%,0.0%,1,0,1,0.0%,0,0,0,-,0.00
Sheffield Sharks,P&R Roll Man,Cut,61,5.8%,44%,70,1.148,33%,Average,53,31,22,58.5%,58.5%,1.22,1.17,-0.05,57.9%,60,1.6%,16.4%,0.32,16.4%,59.0%,53,31,22,58.5%,0,0,0,-,0.00
Sheffield Sharks,Isolation,#1Dirk Williams,7,14.9%,-,3,0.429,-,-,5,1,4,20.0%,30.0%,0.79,0.60,-0.19,30.0%,5,28.6%,0.0%,0.00,0.0%,14.3%,3,0,3,0.0%,2,1,1,50.0%,0.40
Sheffield Sharks,Isolation,#4William Lee,7,14.9%,-,2,0.286,-,-,7,1,6,14.3%,14.3%,0.86,0.29,-0.57,14.3%,7,0.0%,0.0%,0.00,0.0%,14.3%,5,1,4,20.0%,2,0,2,0.0%,0.29
Sheffield Sharks,Isolation,#23Jalen Deloach,7,14.9%,-,3,0.429,-,-,7,1,6,14.3%,21.4%,0.82,0.43,-0.39,21.4%,7,0.0%,0.0%,0.00,0.0%,14.3%,3,0,3,0.0%,4,1,3,25.0%,0.57
Sheffield Sharks,Isolation,#15Mike Ochereobia,7,14.9%,-,9,1.286,-,-,3,1,2,33.3%,33.3%,0.81,0.67,-0.14,69.0%,7,0.0%,57.1%,2.67,42.9%,71.4%,3,1,2,33.3%,0,0,0,-,0.00
Sheffield Sharks,Isolation,#11Rodney Glasgow,6,12.8%,-,6,1.000,-,-,4,2,2,50.0%,50.0%,0.85,1.00,+0.15,61.5%,5,16.7%,16.7%,0.50,16.7%,50.0%,3,2,1,66.7%,1,0,1,0.0%,0.25
Sheffield Sharks,Isolation,#9Jordan Ratinho,5,10.6%,-,10,2.000,-,-,3,2,1,66.7%,100.0%,0.81,2.00,+1.19,105.0%,5,0.0%,40.0%,1.33,40.0%,80.0%,0,0,0,-,3,2,1,66.7%,1.00
Sheffield Sharks,Isolation,#3Rodney Chatman,4,8.5%,-,2,0.500,-,-,2,0,2,0.0%,0.0%,0.91,0.00,-0.91,34.7%,3,25.0%,25.0%,1.00,25.0%,25.0%,1,0,1,0.0%,1,0,1,0.0%,0.50
Sheffield Sharks,Isolation,#24Nick Kern,2,4.3%,-,3,1.500,-,-,2,1,1,50.0%,75.0%,1.03,1.50,+0.47,75.0%,2,0.0%,0.0%,0.00,0.0%,50.0%,0,0,0,-,2,1,1,50.0%,1.00
Sheffield Sharks,Isolation,#2Prentiss Nixon,2,4.3%,-,1,0.500,-,-,1,0,1,0.0%,0.0%,0.72,0.00,-0.72,26.6%,2,0.0%,50.0%,2.00,50.0%,50.0%,0,0,0,-,1,0,1,0.0%,1.00
Sheffield Sharks,Off Screen,#1Dirk Williams,12,29.3%,40%,7,0.583,80%,Very Good,11,3,8,27.3%,27.3%,0.97,0.55,-0.42,29.5%,12,0.0%,8.3%,0.18,8.3%,33.3%,6,3,3,50.0%,5,0,5,0.0%,0.45
Sheffield Sharks,Off Screen,#9Jordan Ratinho,9,22.0%,-,4,0.444,-,-,6,0,6,0.0%,0.0%,0.96,0.00,-0.96,25.8%,8,11.1%,22.2%,0.67,22.2%,22.2%,1,0,1,0.0%,5,0,5,0.0%,0.83
Sheffield Sharks,Off Screen,#3Rodney Chatman,5,12.2%,-,6,1.200,-,-,5,2,3,40.0%,60.0%,1.03,1.20,+0.17,60.0%,5,0.0%,0.0%,0.00,0.0%,40.0%,1,0,1,0.0%,4,2,2,50.0%,0.80
Sheffield Sharks,Off Screen,#24Nick Kern,5,12.2%,-,3,0.600,-,-,3,1,2,33.3%,33.3%,0.95,0.67,-0.28,38.7%,4,20.0%,20.0%,0.67,20.0%,40.0%,1,1,0,100.0%,2,0,2,0.0%,0.67
Sheffield Sharks,Off Screen,#4William Lee,4,9.8%,-,3,0.750,-,-,4,1,3,25.0%,37.5%,1.10,0.75,-0.35,37.5%,4,0.0%,0.0%,0.00,0.0%,25.0%,0,0,0,-,4,1,3,25.0%,1.00
Sheffield Sharks,Off Screen,#2Prentiss Nixon,3,7.3%,-,6,2.000,-,-,3,2,1,66.7%,100.0%,1.09,2.00,+0.91,100.0%,3,0.0%,0.0%,0.00,0.0%,66.7%,0,0,0,-,3,2,1,66.7%,1.00
Sheffield Sharks,Off Screen,#11Rodney Glasgow,2,4.9%,-,0,0.000,-,-,2,0,2,0.0%,0.0%,0.63,0.00,-0.63,0.0%,2,0.0%,0.0%,0.00,0.0%,0.0%,1,0,1,0.0%,1,0,1,0.0%,0.50
Sheffield Sharks,Off Screen,#15Mike Ochereobia,1,2.4%,-,0,0.000,-,-,1,0,1,0.0%,0.0%,1.02,0.00,-1.02,0.0%,1,0.0%,0.0%,0.00,0.0%,0.0%,0,0,0,-,1,0,1,0.0%,1.00
Sheffield Sharks,Handoffs,#1Dirk Williams,8,25.0%,-,8,1.000,-,-,7,3,4,42.9%,57.1%,0.93,1.14,+0.21,57.1%,7,12.5%,0.0%,0.00,0.0%,37.5%,2,1,1,50.0%,5,2,3,40.0%,0.71
Sheffield Sharks,Handoffs,#9Jordan Ratinho,7,21.9%,-,2,0.286,-,-,6,1,5,16.7%,16.7%,0.85,0.33,-0.52,16.7%,6,14.3%,0.0%,0.00,0.0%,14.3%,4,1,3,25.0%,2,0,2,0.0%,0.33
Sheffield Sharks,Handoffs,#2Prentiss Nixon,5,15.6%,-,5,1.000,-,-,4,1,3,25.0%,37.5%,0.90,0.75,-0.15,51.2%,5,0.0%,20.0%,0.50,20.0%,40.0%,0,0,0,-,4,1,3,25.0%,1.00
Sheffield Sharks,Handoffs,#4William Lee,4,12.5%,-,11,2.750,-,-,4,4,0,100.0%,137.5%,0.88,2.75,+1.87,137.5%,4,0.0%,0.0%,0.00,0.0%,100.0%,1,1,0,100.0%,3,3,0,100.0%,0.75
Sheffield Sharks,Handoffs,#3Rodney Chatman,3,9.4%,-,3,1.000,-,-,2,1,1,50.0%,75.0%,0.98,1.50,+0.52,75.0%,2,33.3%,0.0%,0.00,0.0%,33.3%,0,0,0,-,2,1,1,50.0%,1.00
Sheffield Sharks,Handoffs,#24Nick Kern,3,9.4%,-,3,1.000,-,-,2,1,1,50.0%,50.0%,1.03,1.00,-0.03,61.5%,2,33.3%,33.3%,0.50,33.3%,33.3%,2,1,1,50.0%,0,0,0,-,0.00
Sheffield Sharks,Handoffs,#11Rodney Glasgow,1,3.1%,-,0,0.000,-,-,1,0,1,0.0%,0.0%,0.71,0.00,-0.71,0.0%,1,0.0%,0.0%,0.00,0.0%,0.0%,1,0,1,0.0%,0,0,0,-,0.00
Sheffield Sharks,Handoffs,#15Mike Ochereobia,1,3.1%,-,0,0.000,-,-,1,0,1,0.0%,0.0%,0.74,0.00,-0.74,0.0%,1,0.0%,0.0%,0.00,0.0%,0.0%,1,0,1,0.0%,0,0,0,-,0.00
Sheffield Sharks,P&R Including Passes,#1Dirk Williams,43,13.1%,20%,31,0.721,82%,Very Good,39,12,27,30.8%,35.9%,0.92,0.72,-0.20,38.4%,40,7.0%,4.7%,0.08,4.7%,30.2%,22,8,14,36.4%,17,4,13,23.5%,0.44
Sheffield Sharks,P&R Including Passes,#3Rodney Chatman,51,15.5%,68%,23,0.451,97%,Excellent,39,8,31,20.5%,23.1%,0.96,0.46,-0.50,27.9%,41,19.6%,5.9%,0.13,5.9%,19.6%,18,6,12,33.3%,21,2,19,9.5%,0.54
Sheffield Sharks,P&R Including Passes,#4William Lee,28,8.5%,8%,29,1.036,35%,Average,25,11,14,44.0%,58.0%,0.94,1.16,+0.22,58.0%,25,10.7%,0.0%,0.00,0.0%,39.3%,10,4,6,40.0%,15,7,8,46.7%,0.60
Sheffield Sharks,P&R Including Passes,#9Jordan Ratinho,31,9.5%,23%,34,1.097,18%,Below Average,27,13,14,48.1%,59.3%,0.89,1.19,+0.30,60.0%,28,9.7%,6.5%,0.11,6.5%,45.2%,13,7,6,53.8%,14,6,8,42.9%,0.52
Sheffield Sharks,P&R Including Passes,#24Nick Kern,39,11.9%,70%,28,0.718,84%,Excellent,27,8,19,29.6%,37.0%,1.01,0.74,-0.27,45.9%,31,20.5%,10.3%,0.30,5.1%,30.8%,10,4,6,40.0%,17,4,13,23.5%,0.63
Sheffield Sharks,P&R Including Passes,#11Rodney Glasgow,38,11.6%,89%,37,0.974,44%,Average,32,14,18,43.8%,54.7%,0.93,1.09,+0.16,54.1%,34,10.5%,7.9%,0.16,5.3%,39.5%,14,7,7,50.0%,18,7,11,38.9%,0.56
Sheffield Sharks,P&R Including Passes,#23Jalen Deloach,15,4.6%,0%,14,0.933,56%,Good,13,4,9,30.8%,46.2%,1.08,0.92,-0.16,50.4%,14,6.7%,6.7%,0.15,6.7%,33.3%,4,0,4,0.0%,9,4,5,44.4%,0.69
Sheffield Sharks,P&R Including Passes,#2Prentiss Nixon,28,8.5%,51%,15,0.536,96%,Excellent,22,6,16,27.3%,29.5%,0.91,0.59,-0.32,30.4%,25,14.3%,14.3%,0.27,10.7%,25.0%,11,5,6,45.5%,11,1,10,9.1%,0.50
Sheffield Sharks,P&R Including Passes,#15Mike Ochereobia,8,2.4%,-,9,1.125,-,-,8,4,4,50.0%,56.3%,0.90,1.13,+0.23,56.3%,8,0.0%,0.0%,0.00,0.0%,50.0%,4,3,1,75.0%,4,1,3,25.0%,0.50
Sheffield Sharks,P&R Including Passes,#5Mervin James,1,0.3%,-,0,0.000,-,-,1,0,1,0.0%,0.0%,1.78,0.00,-1.78,0.0%,1,0.0%,0.0%,0.00,0.0%,0.0%,1,0,1,0.0%,0,0,0,-,0.00
Sheffield Sharks,P&R BH - Defense Commits,#1Dirk Williams,24,11.3%,11%,16,0.667,77%,Very Good,21,5,16,23.8%,33.3%,0.94,0.67,-0.27,36.6%,22,8.3%,4.2%,0.10,4.2%,25.0%,8,1,7,12.5%,13,4,9,30.8%,0.62
Sheffield Sharks,P&R BH - Defense Commits,#3Rodney Chatman,29,13.6%,79%,10,0.345,97%,Excellent,19,3,16,15.8%,18.4%,1.01,0.37,-0.64,24.6%,20,31.0%,6.9%,0.16,6.9%,13.8%,5,2,3,40.0%,14,1,13,7.1%,0.74
Sheffield Sharks,P&R BH - Defense Commits,#4William Lee,18,8.5%,15%,18,1.000,32%,Average,15,7,8,46.7%,60.0%,0.94,1.20,+0.26,60.0%,15,16.7%,0.0%,0.00,0.0%,38.9%,7,3,4,42.9%,8,4,4,50.0%,0.53
Sheffield Sharks,P&R BH - Defense Commits,#9Jordan Ratinho,21,9.9%,50%,28,1.333,5%,Poor,18,11,7,61.1%,77.8%,0.91,1.56,+0.65,77.8%,18,14.3%,0.0%,0.00,0.0%,52.4%,8,5,3,62.5%,10,6,4,60.0%,0.56
Sheffield Sharks,P&R BH - Defense Commits,#24Nick Kern,22,10.3%,77%,17,0.773,61%,Good,15,6,9,40.0%,50.0%,1.06,1.00,-0.06,53.5%,16,27.3%,4.5%,0.13,0.0%,31.8%,5,3,2,60.0%,10,3,7,30.0%,0.67
Sheffield Sharks,P&R BH - Defense Commits,#11Rodney Glasgow,17,8.0%,65%,12,0.706,67%,Very Good,12,4,8,33.3%,41.7%,0.98,0.83,-0.15,46.6%,13,23.5%,5.9%,0.17,0.0%,29.4%,4,2,2,50.0%,8,2,6,25.0%,0.67
Sheffield Sharks,P&R BH - Defense Commits,#23Jalen Deloach,14,6.6%,36%,11,0.786,58%,Good,12,3,9,25.0%,37.5%,0.99,0.75,-0.24,42.7%,13,7.1%,7.1%,0.17,7.1%,28.6%,4,0,4,0.0%,8,3,5,37.5%,0.67
Sheffield Sharks,P&R BH - Defense Commits,#2Prentiss Nixon,13,6.1%,24%,3,0.231,98%,Excellent,9,1,8,11.1%,16.7%,0.98,0.33,-0.65,16.7%,9,30.8%,0.0%,0.00,0.0%,7.7%,2,0,2,0.0%,7,1,6,14.3%,0.78
Sheffield Sharks,P&R BH - Defense Commits,#15Mike Ochereobia,8,3.8%,-,9,1.125,-,-,8,4,4,50.0%,56.3%,0.90,1.13,+0.23,56.3%,8,0.0%,0.0%,0.00,0.0%,50.0%,4,3,1,75.0%,4,1,3,25.0%,0.50
Sheffield Sharks,P&R BH - Defense Commits,#5Mervin James,1,0.5%,-,0,0.000,-,-,1,0,1,0.0%,0.0%,1.78,0.00,-1.78,0.0%,1,0.0%,0.0%,0.00,0.0%,0.0%,1,0,1,0.0%,0,0,0,-,0.00
Sheffield Sharks,P&R BH - Defense Commits,P&R BH - Traps,1,0.1%,-,0,0.000,-,-,1,0,1,0.0%,0.0%,1.23,0.00,-1.23,0.0%,1,0.0%,0.0%,0.00,0.0%,0.0%,1,0,1,0.0%,0,0,0,-,0.00
Sheffield Sharks,ISO Including Passes,#1Dirk Williams,12,16.2%,13%,6,0.500,63%,Good,10,2,8,20.0%,30.0%,0.87,0.60,-0.27,30.0%,10,16.7%,0.0%,0.00,0.0%,16.7%,3,0,3,0.0%,7,2,5,28.6%,0.70
Sheffield Sharks,ISO Including Passes,#3Rodney Chatman,6,8.1%,-,5,0.833,-,-,4,1,3,25.0%,37.5%,0.92,0.75,-0.17,51.2%,5,16.7%,16.7%,0.50,16.7%,33.3%,1,0,1,0.0%,3,1,2,33.3%,0.75
Sheffield Sharks,ISO Including Passes,#4William Lee,9,12.2%,-,2,0.222,-,-,9,1,8,11.1%,11.1%,0.91,0.22,-0.69,11.1%,9,0.0%,0.0%,0.00,0.0%,11.1%,5,1,4,20.0%,4,0,4,0.0%,0.44
Sheffield Sharks,ISO Including Passes,#9Jordan Ratinho,6,8.1%,-,10,1.667,-,-,4,2,2,50.0%,75.0%,0.81,1.50,+0.69,86.8%,6,0.0%,33.3%,1.00,33.3%,66.7%,0,0,0,-,4,2,2,50.0%,1.00
Sheffield Sharks,ISO Including Passes,#24Nick Kern,3,4.1%,-,5,1.667,-,-,3,2,1,66.7%,83.3%,0.97,1.67,+0.70,83.3%,3,0.0%,0.0%,0.00,0.0%,66.7%,1,1,0,100.0%,2,1,1,50.0%,0.67
Sheffield Sharks,ISO Including Passes,#11Rodney Glasgow,9,12.2%,-,11,1.222,-,-,7,4,3,57.1%,64.3%,0.88,1.29,+0.41,69.8%,8,11.1%,11.1%,0.29,11.1%,55.6%,4,3,1,75.0%,3,1,2,33.3%,0.43
Sheffield Sharks,ISO Including Passes,#23Jalen Deloach,10,13.5%,56%,6,0.600,56%,Good,10,2,8,20.0%,30.0%,0.92,0.60,-0.32,30.0%,10,0.0%,0.0%,0.00,0.0%,20.0%,3,0,3,0.0%,7,2,5,28.6%,0.70
Sheffield Sharks,ISO Including Passes,#2Prentiss Nixon,3,4.1%,-,1,0.333,-,-,2,0,2,0.0%,0.0%,0.96,0.00,-0.96,17.4%,3,0.0%,33.3%,1.00,33.3%,33.3%,0,0,0,-,2,0,2,0.0%,1.00
Sheffield Sharks,ISO Including Passes,#15Mike Ochereobia,10,13.5%,81%,17,1.700,6%,Poor,6,4,2,66.7%,83.3%,0.89,1.67,+0.78,89.3%,10,0.0%,40.0%,1.33,30.0%,80.0%,4,2,2,50.0%,2,2,0,100.0%,0.33
Sheffield Sharks,ISO - Defense Commits,#1Dirk Williams,6,20.7%,-,3,0.500,-,-,5,1,4,20.0%,30.0%,0.95,0.60,-0.35,30.0%,5,16.7%,0.0%,0.00,0.0%,16.7%,0,0,0,-,5,1,4,20.0%,1.00
Sheffield Sharks,ISO - Defense Commits,#3Rodney Chatman,3,10.3%,-,3,1.000,-,-,2,1,1,50.0%,75.0%,0.93,1.50,+0.57,75.0%,2,33.3%,0.0%,0.00,0.0%,33.3%,0,0,0,-,2,1,1,50.0%,1.00
Sheffield Sharks,ISO - Defense Commits,#4William Lee,2,6.9%,-,0,0.000,-,-,2,0,2,0.0%,0.0%,1.07,0.00,-1.07,0.0%,2,0.0%,0.0%,0.00,0.0%,0.0%,0,0,0,-,2,0,2,0.0%,1.00
Sheffield Sharks,ISO - Defense Commits,#9Jordan Ratinho,1,3.4%,-,0,0.000,-,-,1,0,1,0.0%,0.0%,0.81,0.00,-0.81,0.0%,1,0.0%,0.0%,0.00,0.0%,0.0%,0,0,0,-,1,0,1,0.0%,1.00
Sheffield Sharks,ISO - Defense Commits,#24Nick Kern,1,3.4%,-,2,2.000,-,-,1,1,0,100.0%,100.0%,0.83,2.00,+1.17,100.0%,1,0.0%,0.0%,0.00,0.0%,100.0%,1,1,0,100.0%,0,0,0,-,0.00
Sheffield Sharks,ISO - Defense Commits,#11Rodney Glasgow,3,10.3%,-,5,1.667,-,-,3,2,1,66.7%,83.3%,0.92,1.67,+0.75,83.3%,3,0.0%,0.0%,0.00,0.0%,66.7%,1,1,0,100.0%,2,1,1,50.0%,0.67
Sheffield Sharks,ISO - Defense Commits,#23Jalen Deloach,3,10.3%,-,3,1.000,-,-,3,1,2,33.3%,50.0%,1.13,1.00,-0.13,50.0%,3,0.0%,0.0%,0.00,0.0%,33.3%,0,0,0,-,3,1,2,33.3%,1.00
Sheffield Sharks,ISO - Defense Commits,#2Prentiss Nixon,1,3.4%,-,0,0.000,-,-,1,0,1,0.0%,0.0%,1.19,0.00,-1.19,0.0%,1,0.0%,0.0%,0.00,0.0%,0.0%,0,0,0,-,1,0,1,0.0%,1.00
Sheffield Sharks,ISO - Defense Commits,#15Mike Ochereobia,3,10.3%,-,8,2.667,-,-,3,3,0,100.0%,133.3%,0.97,2.67,+1.70,133.3%,3,0.0%,0.0%,0.00,0.0%,100.0%,1,1,0,100.0%,2,2,0,100.0%,0.67
Sheffield Sharks,Post-Ups Including Passes,#1Dirk Williams,11,12.5%,0%,5,0.455,96%,Excellent,8,2,6,25.0%,31.3%,0.89,0.63,-0.26,28.2%,9,18.2%,9.1%,0.25,9.1%,18.2%,6,1,5,16.7%,2,1,1,50.0%,0.25
Sheffield Sharks,Post-Ups Including Passes,#3Rodney Chatman,4,4.5%,-,6,1.500,-,-,3,2,1,66.7%,83.3%,0.95,1.67,+0.72,87.2%,3,25.0%,25.0%,0.33,25.0%,50.0%,1,1,0,100.0%,2,1,1,50.0%,0.67
Sheffield Sharks,Post-Ups Including Passes,#4William Lee,16,18.2%,59%,11,0.688,74%,Very Good,13,4,9,30.8%,30.8%,0.91,0.62,-0.29,36.2%,15,6.3%,18.8%,0.38,18.8%,37.5%,12,4,8,33.3%,1,0,1,0.0%,0.08
Sheffield Sharks,Post-Ups Including Passes,#9Jordan Ratinho,11,12.5%,30%,6,0.545,93%,Excellent,9,2,7,22.2%,22.2%,0.89,0.44,-0.45,29.1%,10,9.1%,18.2%,0.33,18.2%,27.3%,9,2,7,22.2%,0,0,0,-,0.00
Sheffield Sharks,Post-Ups Including Passes,#24Nick Kern,7,8.0%,-,8,1.143,-,-,5,2,3,40.0%,50.0%,1.02,1.00,-0.02,59.2%,7,0.0%,28.6%,0.80,28.6%,57.1%,4,1,3,25.0%,1,1,0,100.0%,0.20
Sheffield Sharks,Post-Ups Including Passes,#11Rodney Glasgow,2,2.3%,-,4,2.000,-,-,2,2,0,100.0%,100.0%,0.74,2.00,+1.26,100.0%,2,0.0%,0.0%,0.00,0.0%,100.0%,2,2,0,100.0%,0,0,0,-,0.00
Sheffield Sharks,Post-Ups Including Passes,#23Jalen Deloach,12,13.6%,63%,13,1.083,19%,Below Average,10,4,6,40.0%,45.0%,0.81,0.90,+0.09,55.3%,12,0.0%,16.7%,0.40,16.7%,50.0%,9,3,6,33.3%,1,1,0,100.0%,0.10
Sheffield Sharks,Post-Ups Including Passes,#2Prentiss Nixon,10,11.4%,52%,6,0.600,89%,Excellent,8,3,5,37.5%,37.5%,0.99,0.75,-0.24,37.5%,8,20.0%,0.0%,0.00,0.0%,30.0%,6,3,3,50.0%,2,0,2,0.0%,0.25
Sheffield Sharks,Post-Ups Including Passes,#15Mike Ochereobia,10,11.4%,81%,9,0.900,37%,Average,6,3,3,50.0%,58.3%,0.87,1.17,+0.30,61.5%,7,30.0%,20.0%,0.50,20.0%,40.0%,5,2,3,40.0%,1,1,0,100.0%,0.17
Sheffield Sharks,Post-Up - Defense Commits,#1Dirk Williams,3,15.0%,-,5,1.667,-,-,3,2,1,66.7%,83.3%,1.01,1.67,+0.66,83.3%,3,0.0%,0.0%,0.00,0.0%,66.7%,1,1,0,100.0%,2,1,1,50.0%,0.67
Sheffield Sharks,Post-Up - Defense Commits,#3Rodney Chatman,3,15.0%,-,3,1.000,-,-,2,1,1,50.0%,75.0%,1.01,1.50,+0.49,75.0%,2,33.3%,0.0%,0.00,0.0%,33.3%,0,0,0,-,2,1,1,50.0%,1.00
Sheffield Sharks,Post-Up - Defense Commits,#4William Lee,1,5.0%,-,0,0.000,-,-,1,0,1,0.0%,0.0%,0.99,0.00,-0.99,0.0%,1,0.0%,0.0%,0.00,0.0%,0.0%,0,0,0,-,1,0,1,0.0%,1.00
Sheffield Sharks,Post-Up - Defense Commits,#9Jordan Ratinho,1,5.0%,-,0,0.000,-,-,1,0,1,0.0%,0.0%,0.61,0.00,-0.61,0.0%,1,0.0%,0.0%,0.00,0.0%,0.0%,1,0,1,0.0%,0,0,0,-,0.00
Sheffield Sharks,Post-Up - Defense Commits,#24Nick Kern,1,5.0%,-,3,3.000,-,-,1,1,0,100.0%,150.0%,1.15,3.00,+1.85,150.0%,1,0.0%,0.0%,0.00,0.0%,100.0%,0,0,0,-,1,1,0,100.0%,1.00
Sheffield Sharks,Post-Up - Defense Commits,#23Jalen Deloach,1,5.0%,-,3,3.000,-,-,1,1,0,100.0%,150.0%,1.03,3.00,+1.97,150.0%,1,0.0%,0.0%,0.00,0.0%,100.0%,0,0,0,-,1,1,0,100.0%,1.00
Sheffield Sharks,Post-Up - Defense Commits,#2Prentiss Nixon,3,15.0%,-,0,0.000,-,-,3,0,3,0.0%,0.0%,0.95,0.00,-0.95,0.0%,3,0.0%,0.0%,0.00,0.0%,0.0%,1,0,1,0.0%,2,0,2,0.0%,0.67
Sheffield Sharks,Post-Up - Defense Commits,#15Mike Ochereobia,2,10.0%,-,3,1.500,-,-,1,1,0,100.0%,150.0%,1.21,3.00,+1.79,150.0%,1,50.0%,0.0%,0.00,0.0%,50.0%,0,0,0,-,1,1,0,100.0%,1.00
Sheffield Sharks,Post-Up - Hard Double,#1Dirk Williams,2,22.2%,-,5,2.500,-,-,2,2,0,100.0%,125.0%,1.02,2.50,+1.48,125.0%,2,0.0%,0.0%,0.00,0.0%,100.0%,1,1,0,100.0%,1,1,0,100.0%,0.50
Sheffield Sharks,Post-Up - Hard Double,#3Rodney Chatman,2,22.2%,-,0,0.000,-,-,1,0,1,0.0%,0.0%,1.04,0.00,-1.04,0.0%,1,50.0%,0.0%,0.00,0.0%,0.0%,0,0,0,-,1,0,1,0.0%,1.00
Sheffield Sharks,Post-Up - Hard Double,#9Jordan Ratinho,2,22.2%,-,2,1.000,-,-,1,0,1,0.0%,0.0%,0.61,0.00,-0.61,53.2%,2,0.0%,50.0%,2.00,50.0%,50.0%,1,0,1,0.0%,0,0,0,-,0.00
Sheffield Sharks,Post-Up - Hard Double,#2Prentiss Nixon,1,11.1%,-,0,0.000,-,-,1,0,1,0.0%,0.0%,1.20,0.00,-1.20,0.0%,1,0.0%,0.0%,0.00,0.0%,0.0%,0,0,0,-,1,0,1,0.0%,1.00
Manchester Basketball,P&R Ball Handler,#2Max Jones,57,26.8%,95%,38,0.667,77%,Very Good,40,15,25,37.5%,41.3%,0.93,0.83,-0.10,42.8%,44,22.8%,8.8%,0.25,7.0%,31.6%,27,12,15,44.4%,13,3,10,23.1%,0.33
Manchester Basketball,P&R Ball Handler,#0Patrick Smith,53,24.9%,93%,47,0.887,46%,Average,37,18,19,48.6%,54.1%,0.86,1.08,+0.22,56.8%,41,24.5%,11.3%,0.27,11.3%,39.6%,29,14,15,48.3%,8,4,4,50.0%,0.22
Manchester Basketball,P&R Ball Handler,#9Kaiyem Cleary,31,14.6%,63%,20,0.645,82%,Very Good,22,7,15,31.8%,31.8%,0.85,0.64,-0.21,39.2%,26,16.1%,12.9%,0.36,6.5%,35.5%,18,7,11,38.9%,4,0,4,0.0%,0.18
Manchester Basketball,P&R Ball Handler,#11Jordan Johnson,27,12.7%,67%,33,1.222,4%,Poor,21,12,9,57.1%,66.7%,0.87,1.33,+0.46,71.1%,23,14.8%,11.1%,0.24,11.1%,51.9%,16,8,8,50.0%,5,4,1,80.0%,0.24
Manchester Basketball,P&R Ball Handler,#1Kyle Carey,20,9.4%,96%,14,0.700,68%,Very Good,13,5,8,38.5%,38.5%,0.84,0.77,-0.07,46.1%,15,25.0%,15.0%,0.38,15.0%,35.0%,8,5,3,62.5%,5,0,5,0.0%,0.38
Manchester Basketball,P&R Ball Handler,#22Tim Adetukasi,9,4.2%,-,6,0.667,-,-,7,2,5,28.6%,28.6%,0.87,0.57,-0.30,34.2%,9,0.0%,22.2%,0.57,11.1%,44.4%,4,2,2,50.0%,3,0,3,0.0%,0.43
Manchester Basketball,P&R Ball Handler,#5Cody John,6,2.8%,-,9,1.500,-,-,5,3,2,60.0%,60.0%,0.95,1.20,+0.25,71.2%,6,0.0%,33.3%,0.60,33.3%,66.7%,4,3,1,75.0%,1,0,1,0.0%,0.20
Manchester Basketball,P&R Ball Handler,#13Kayne Henry,4,1.9%,-,6,1.500,-,-,3,2,1,66.7%,66.7%,0.82,1.33,+0.51,77.3%,4,0.0%,25.0%,0.67,25.0%,75.0%,3,2,1,66.7%,0,0,0,-,0.00
Manchester Basketball,P&R Ball Handler,#7Zak Irvin,2,0.9%,-,4,2.000,-,-,1,1,0,100.0%,100.0%,0.87,2.00,+1.13,106.4%,2,0.0%,50.0%,2.00,0.0%,100.0%,1,1,0,100.0%,0,0,0,-,0.00
Manchester Basketball,P&R Ball Handler,#33Judson Martindale,2,0.9%,-,3,1.500,-,-,2,1,1,50.0%,50.0%,0.70,1.00,+0.30,61.5%,2,0.0%,50.0%,0.50,50.0%,50.0%,2,1,1,50.0%,0,0,0,-,0.00
Manchester Basketball,P&R Ball Handler,#34Matt Nicholson,1,0.5%,-,0,0.000,-,-,1,0,1,0.0%,0.0%,0.85,0.00,-0.85,0.0%,1,0.0%,0.0%,0.00,0.0%,0.0%,0,0,0,-,1,0,1,0.0%,1.00
Manchester Basketball,P&R Ball Handler,#3Gabe Osabuohien,1,0.5%,-,0,0.000,-,-,0,0,0,-,-,-,-,-,-,0,100.0%,0.0%,-,0.0%,0.0%,0,0,0,-,0,0,0,-,-
Manchester Basketball,P&R Ball Handler,Transition,191,19.4%,78%,196,1.026,78%,Very Good,146,72,74,49.3%,56.8%,1.21,1.14,-0.07,58.2%,168,11.0%,14.1%,0.35,13.1%,49.2%,84,50,34,59.5%,62,22,40,35.5%,0.42
Manchester Basketball,Spot Up,#9Kaiyem Cleary,30,16.2%,39%,23,0.767,85%,Excellent,26,7,19,26.9%,38.5%,1.05,0.77,-0.28,41.4%,28,6.7%,6.7%,0.15,6.7%,30.0%,3,1,2,33.3%,23,6,17,26.1%,0.88
Manchester Basketball,Spot Up,#0Patrick Smith,23,12.4%,5%,21,0.913,63%,Good,20,6,14,30.0%,42.5%,0.95,0.85,-0.10,48.3%,22,4.3%,8.7%,0.20,8.7%,34.8%,4,1,3,25.0%,16,5,11,31.3%,0.80
Manchester Basketball,Spot Up,#11Jordan Johnson,22,11.9%,27%,24,1.091,29%,Below Average,19,8,11,42.1%,63.2%,1.01,1.26,+0.25,63.2%,19,13.6%,0.0%,0.00,0.0%,36.4%,6,0,6,0.0%,13,8,5,61.5%,0.68
Manchester Basketball,Spot Up,#7Zak Irvin,22,11.9%,86%,29,1.318,9%,Poor,19,10,9,52.6%,65.8%,0.95,1.32,+0.37,67.0%,22,0.0%,13.6%,0.32,9.1%,54.5%,8,5,3,62.5%,11,5,6,45.5%,0.58
Manchester Basketball,Spot Up,#13Kayne Henry,19,10.3%,97%,22,1.158,22%,Below Average,17,8,9,47.1%,64.7%,0.97,1.29,+0.32,64.7%,17,10.5%,0.0%,0.00,0.0%,42.1%,4,2,2,50.0%,13,6,7,46.2%,0.76
Manchester Basketball,Spot Up,#22Tim Adetukasi,17,9.2%,43%,19,1.118,25%,Below Average,13,5,8,38.5%,57.7%,1.00,1.15,+0.15,64.4%,15,11.8%,11.8%,0.31,11.8%,41.2%,2,0,2,0.0%,11,5,6,45.5%,0.85
Manchester Basketball,Spot Up,#2Max Jones,15,8.1%,0%,11,0.733,89%,Excellent,12,4,8,33.3%,41.7%,0.92,0.83,-0.09,41.3%,13,13.3%,13.3%,0.25,13.3%,33.3%,5,2,3,40.0%,7,2,5,28.6%,0.58
Manchester Basketball,Spot Up,#34Matt Nicholson,14,7.6%,44%,18,1.286,11%,Poor,13,7,6,53.8%,69.2%,1.02,1.38,+0.36,69.2%,13,7.1%,0.0%,0.00,0.0%,50.0%,5,3,2,60.0%,8,4,4,50.0%,0.62
Manchester Basketball,Spot Up,#3Gabe Osabuohien,11,5.9%,38%,9,0.818,76%,Very Good,11,3,8,27.3%,40.9%,1.03,0.82,-0.21,40.9%,11,0.0%,0.0%,0.00,0.0%,27.3%,3,0,3,0.0%,8,3,5,37.5%,0.73
Manchester Basketball,Spot Up,#1Kyle Carey,6,3.2%,-,3,0.500,-,-,6,1,5,16.7%,25.0%,1.10,0.50,-0.60,25.0%,6,0.0%,0.0%,0.00,0.0%,16.7%,2,0,2,0.0%,4,1,3,25.0%,0.67
Manchester Basketball,Spot Up,#5Cody John,4,2.2%,-,9,2.250,-,-,4,3,1,75.0%,112.5%,1.16,2.25,+1.09,112.5%,4,0.0%,0.0%,0.00,0.0%,75.0%,0,0,0,-,4,3,1,75.0%,1.00
Manchester Basketball,Spot Up,#33Judson Martindale,1,0.5%,-,2,2.000,-,-,0,0,0,-,-,-,-,-,113.6%,1,0.0%,100.0%,-,100.0%,100.0%,0,0,0,-,0,0,0,-,-
Manchester Basketball,P&R Roll Man,#34Matt Nicholson,8,11.6%,-,8,1.000,-,-,8,3,5,37.5%,50.0%,1.04,1.00,-0.04,50.0%,8,0.0%,0.0%,0.00,0.0%,37.5%,3,1,2,33.3%,5,2,3,40.0%,0.63
Manchester Basketball,P&R Roll Man,#7Zak Irvin,7,10.1%,-,6,0.857,-,-,6,2,4,33.3%,50.0%,0.95,1.00,+0.05,50.0%,6,14.3%,0.0%,0.00,0.0%,28.6%,1,0,1,0.0%,5,2,3,40.0%,0.83
Manchester Basketball,P&R Roll Man,#3Gabe Osabuohien,6,8.7%,-,5,0.833,-,-,5,2,3,40.0%,50.0%,1.05,1.00,-0.05,50.0%,5,16.7%,0.0%,0.00,0.0%,33.3%,3,1,2,33.3%,2,1,1,50.0%,0.40
Manchester Basketball,P&R Roll Man,#0Patrick Smith,3,4.3%,-,2,0.667,-,-,3,1,2,33.3%,33.3%,1.04,0.67,-0.37,33.3%,3,0.0%,0.0%,0.00,0.0%,33.3%,2,1,1,50.0%,1,0,1,0.0%,0.33
Manchester Basketball,P&R Roll Man,#2Max Jones,3,4.3%,-,3,1.000,-,-,2,1,1,50.0%,75.0%,0.89,1.50,+0.61,75.0%,2,33.3%,0.0%,0.00,0.0%,33.3%,1,0,1,0.0%,1,1,0,100.0%,0.50
Manchester Basketball,P&R Roll Man,#9Kaiyem Cleary,3,4.3%,-,6,2.000,-,-,3,3,0,100.0%,100.0%,0.96,2.00,+1.04,87.2%,3,0.0%,33.3%,0.33,33.3%,100.0%,3,3,0,100.0%,0,0,0,-,0.00
Manchester Basketball,P&R Roll Man,#22Tim Adetukasi,3,4.3%,-,3,1.000,-,-,3,1,2,33.3%,50.0%,0.77,1.00,+0.23,50.0%,3,0.0%,0.0%,0.00,0.0%,33.3%,2,0,2,0.0%,1,1,0,100.0%,0.33
Manchester Basketball,P&R Roll Man,#11Jordan Johnson,1,1.4%,-,0,0.000,-,-,1,0,1,0.0%,0.0%,0.78,0.00,-0.78,0.0%,1,0.0%,0.0%,0.00,0.0%,0.0%,0,0,0,-,1,0,1,0.0%,1.00
Manchester Basketball,P&R Roll Man,#13Kayne Henry,1,1.4%,-,2,2.000,-,-,1,1,0,100.0%,100.0%,1.07,2.00,+0.93,100.0%,1,0.0%,0.0%,0.00,0.0%,100.0%,1,1,0,100.0%,0,0,0,-,0.00
Manchester Basketball,P&R Roll Man,Offensive Rebounds (Put Backs),67,6.8%,89%,80,1.194,33%,Average,55,34,21,61.8%,62.7%,1.10,1.25,+0.15,64.0%,62,6.0%,11.9%,0.31,11.9%,61.2%,53,33,20,62.3%,2,1,1,50.0%,0.04
Manchester Basketball,P&R Roll Man,Cut,61,6.2%,44%,56,0.918,89%,Excellent,45,23,22,51.1%,51.1%,1.26,1.02,-0.24,52.9%,53,13.1%,16.4%,0.40,16.4%,49.2%,45,23,22,51.1%,0,0,0,-,0.00
Manchester Basketball,P&R Roll Man,Miscellaneous Plays,51,5.2%,0%,14,0.275,89%,Excellent,12,1,11,8.3%,8.3%,0.36,0.17,-0.19,36.8%,19,60.8%,15.7%,1.33,2.0%,15.7%,4,1,3,25.0%,8,0,8,0.0%,0.67
Manchester Basketball,Isolation,#0Patrick Smith,7,16.3%,-,2,0.286,-,-,5,0,5,0.0%,0.0%,0.75,0.00,-0.75,17.0%,6,14.3%,14.3%,0.40,14.3%,14.3%,3,0,3,0.0%,2,0,2,0.0%,0.40
Manchester Basketball,Isolation,#2Max Jones,7,16.3%,-,8,1.143,-,-,7,3,4,42.9%,50.0%,0.77,1.00,+0.23,53.8%,7,0.0%,14.3%,0.14,14.3%,42.9%,5,2,3,40.0%,2,1,1,50.0%,0.29
Manchester Basketball,Isolation,#22Tim Adetukasi,7,16.3%,-,6,0.857,-,-,6,2,4,33.3%,33.3%,0.88,0.67,-0.21,43.6%,7,0.0%,14.3%,0.33,14.3%,42.9%,5,2,3,40.0%,1,0,1,0.0%,0.17
Manchester Basketball,Isolation,#34Matt Nicholson,6,14.0%,-,9,1.500,-,-,5,3,2,60.0%,70.0%,0.83,1.40,+0.57,76.5%,6,0.0%,16.7%,0.40,16.7%,66.7%,4,2,2,50.0%,1,1,0,100.0%,0.20
Manchester Basketball,Isolation,#9Kaiyem Cleary,4,9.3%,-,0,0.000,-,-,4,0,4,0.0%,0.0%,0.72,0.00,-0.72,0.0%,4,0.0%,0.0%,0.00,0.0%,0.0%,1,0,1,0.0%,3,0,3,0.0%,0.75
Manchester Basketball,Isolation,#7Zak Irvin,4,9.3%,-,3,0.750,-,-,4,1,3,25.0%,37.5%,0.97,0.75,-0.22,37.5%,4,0.0%,0.0%,0.00,0.0%,25.0%,2,0,2,0.0%,2,1,1,50.0%,0.50
Manchester Basketball,Isolation,#3Gabe Osabuohien,3,7.0%,-,1,0.333,-,-,0,0,0,-,-,-,-,-,56.8%,1,66.7%,33.3%,-,0.0%,33.3%,0,0,0,-,0,0,0,-,-
Manchester Basketball,Isolation,#11Jordan Johnson,2,4.7%,-,0,0.000,-,-,2,0,2,0.0%,0.0%,0.84,0.00,-0.84,0.0%,2,0.0%,0.0%,0.00,0.0%,0.0%,2,0,2,0.0%,0,0,0,-,0.00
Manchester Basketball,Isolation,#13Kayne Henry,2,4.7%,-,2,1.000,-,-,1,0,1,0.0%,0.0%,0.84,0.00,-0.84,53.2%,2,0.0%,50.0%,2.00,50.0%,50.0%,1,0,1,0.0%,0,0,0,-,0.00
Manchester Basketball,Isolation,#5Cody John,1,2.3%,-,0,0.000,-,-,0,0,0,-,-,-,-,-,-,0,100.0%,0.0%,-,0.0%,0.0%,0,0,0,-,0,0,0,-,-
Manchester Basketball,Post-Up,#2Max Jones,7,17.5%,-,9,1.286,-,-,4,4,0,100.0%,100.0%,0.92,2.00,+1.08,67.8%,7,0.0%,42.9%,1.50,28.6%,71.4%,4,4,0,100.0%,0,0,0,-,0.00
Manchester Basketball,Post-Up,#34Matt Nicholson,6,15.0%,-,2,0.333,-,-,6,1,5,16.7%,16.7%,0.89,0.33,-0.56,16.7%,6,0.0%,0.0%,0.00,0.0%,16.7%,6,1,5,16.7%,0,0,0,-,0.00
Manchester Basketball,Post-Up,#3Gabe Osabuohien,6,15.0%,-,4,0.667,-,-,3,1,2,33.3%,33.3%,0.92,0.67,-0.25,46.3%,4,33.3%,33.3%,1.00,33.3%,33.3%,3,1,2,33.3%,0,0,0,-,0.00
Manchester Basketball,Post-Up,#0Patrick Smith,5,12.5%,-,7,1.400,-,-,4,2,2,50.0%,50.0%,1.04,1.00,-0.04,65.8%,5,0.0%,40.0%,0.75,40.0%,60.0%,4,2,2,50.0%,0,0,0,-,0.00
Manchester Basketball,Post-Up,#11Jordan Johnson,4,10.0%,-,2,0.500,-,-,1,1,0,100.0%,100.0%,0.27,2.00,+1.73,100.0%,1,75.0%,0.0%,0.00,0.0%,25.0%,1,1,0,100.0%,0,0,0,-,0.00
Manchester Basketball,Post-Up,#7Zak Irvin,3,7.5%,-,2,0.667,-,-,2,1,1,50.0%,50.0%,0.81,1.00,+0.19,50.0%,2,33.3%,0.0%,0.00,0.0%,33.3%,2,1,1,50.0%,0,0,0,-,0.00
Manchester Basketball,Post-Up,#9Kaiyem Cleary,2,5.0%,-,2,1.000,-,-,1,1,0,100.0%,100.0%,0.77,2.00,+1.23,100.0%,1,50.0%,0.0%,0.00,0.0%,50.0%,1,1,0,100.0%,0,0,0,-,0.00
Manchester Basketball,Post-Up,#22Tim Adetukasi,2,5.0%,-,4,2.000,-,-,1,1,0,100.0%,100.0%,0.60,2.00,+1.40,106.4%,2,0.0%,50.0%,2.00,50.0%,100.0%,1,1,0,100.0%,0,0,0,-,0.00
Manchester Basketball,Post-Up,#13Kayne Henry,2,5.0%,-,2,1.000,-,-,1,1,0,100.0%,100.0%,0.74,2.00,+1.26,100.0%,1,50.0%,0.0%,0.00,0.0%,50.0%,1,1,0,100.0%,0,0,0,-,0.00
Manchester Basketball,Post-Up,#1Kyle Carey,1,2.5%,-,2,2.000,-,-,1,1,0,100.0%,100.0%,0.80,2.00,+1.20,100.0%,1,0.0%,0.0%,0.00,0.0%,100.0%,1,1,0,100.0%,0,0,0,-,0.00
Manchester Basketball,Post-Up,#5Cody John,1,2.5%,-,0,0.000,-,-,1,0,1,0.0%,0.0%,0.59,0.00,-0.59,0.0%,1,0.0%,0.0%,0.00,0.0%,0.0%,1,0,1,0.0%,0,0,0,-,0.00
Manchester Basketball,Post-Up,#33Judson Martindale,1,2.5%,-,0,0.000,-,-,0,0,0,-,-,-,-,-,-,0,100.0%,0.0%,-,0.0%,0.0%,0,0,0,-,0,0,0,-,-
Manchester Basketball,Off Screen,#0Patrick Smith,7,17.9%,-,4,0.571,-,-,7,2,5,28.6%,28.6%,0.85,0.57,-0.28,28.6%,7,0.0%,0.0%,0.00,0.0%,28.6%,4,2,2,50.0%,3,0,3,0.0%,0.43
Manchester Basketball,Off Screen,#9Kaiyem Cleary,7,17.9%,-,12,1.714,-,-,7,4,3,57.1%,85.7%,1.03,1.71,+0.68,85.7%,7,0.0%,0.0%,0.00,0.0%,57.1%,1,0,1,0.0%,6,4,2,66.7%,0.86
Manchester Basketball,Off Screen,#11Jordan Johnson,7,17.9%,-,6,0.857,-,-,6,2,4,33.3%,41.7%,0.94,0.83,-0.11,46.6%,6,14.3%,14.3%,0.17,14.3%,28.6%,2,1,1,50.0%,4,1,3,25.0%,0.67
Manchester Basketball,Off Screen,#22Tim Adetukasi,5,12.8%,-,8,1.600,-,-,5,3,2,60.0%,80.0%,1.00,1.60,+0.60,80.0%,5,0.0%,0.0%,0.00,0.0%,60.0%,1,1,0,100.0%,4,2,2,50.0%,0.80
Manchester Basketball,Off Screen,#2Max Jones,4,10.3%,-,0,0.000,-,-,3,0,3,0.0%,0.0%,1.09,0.00,-1.09,0.0%,3,25.0%,0.0%,0.00,0.0%,0.0%,0,0,0,-,3,0,3,0.0%,1.00
Manchester Basketball,Off Screen,#7Zak Irvin,3,7.7%,-,2,0.667,-,-,3,1,2,33.3%,33.3%,0.76,0.67,-0.09,33.3%,3,0.0%,0.0%,0.00,0.0%,33.3%,2,1,1,50.0%,1,0,1,0.0%,0.33
Manchester Basketball,Off Screen,#13Kayne Henry,3,7.7%,-,5,1.667,-,-,3,2,1,66.7%,83.3%,1.01,1.67,+0.66,83.3%,3,0.0%,0.0%,0.00,0.0%,66.7%,1,1,0,100.0%,2,1,1,50.0%,0.67
Manchester Basketball,Off Screen,#34Matt Nicholson,1,2.6%,-,0,0.000,-,-,1,0,1,0.0%,0.0%,0.96,0.00,-0.96,0.0%,1,0.0%,0.0%,0.00,0.0%,0.0%,0,0,0,-,1,0,1,0.0%,1.00
Manchester Basketball,Off Screen,#3Gabe Osabuohien,1,2.6%,-,3,3.000,-,-,0,0,0,-,-,-,-,-,113.6%,1,0.0%,100.0%,-,100.0%,100.0%,0,0,0,-,0,0,0,-,-
Manchester Basketball,Off Screen,#5Cody John,1,2.6%,-,1,1.000,-,-,0,0,0,-,-,-,-,-,56.8%,1,0.0%,100.0%,-,0.0%,100.0%,0,0,0,-,0,0,0,-,-
Manchester Basketball,Handoffs,#2Max Jones,7,26.9%,-,7,1.000,-,-,3,1,2,33.3%,50.0%,0.83,1.00,+0.17,67.3%,5,28.6%,28.6%,1.67,28.6%,42.9%,1,0,1,0.0%,2,1,1,50.0%,0.67
Manchester Basketball,Handoffs,#11Jordan Johnson,5,19.2%,-,5,1.000,-,-,4,2,2,50.0%,62.5%,0.81,1.25,+0.44,62.5%,4,20.0%,0.0%,0.00,0.0%,40.0%,2,1,1,50.0%,2,1,1,50.0%,0.50
Manchester Basketball,Handoffs,#0Patrick Smith,2,7.7%,-,2,1.000,-,-,2,1,1,50.0%,50.0%,0.84,1.00,+0.16,50.0%,2,0.0%,0.0%,0.00,0.0%,50.0%,2,1,1,50.0%,0,0,0,-,0.00
Manchester Basketball,Handoffs,#9Kaiyem Cleary,2,7.7%,-,3,1.500,-,-,2,1,1,50.0%,75.0%,0.98,1.50,+0.52,75.0%,2,0.0%,0.0%,0.00,0.0%,50.0%,0,0,0,-,2,1,1,50.0%,1.00
Manchester Basketball,Handoffs,#7Zak Irvin,2,7.7%,-,0,0.000,-,-,0,0,0,-,-,-,-,-,-,0,100.0%,0.0%,-,0.0%,0.0%,0,0,0,-,0,0,0,-,-
Manchester Basketball,Handoffs,#13Kayne Henry,2,7.7%,-,0,0.000,-,-,2,0,2,0.0%,0.0%,0.83,0.00,-0.83,0.0%,2,0.0%,0.0%,0.00,0.0%,0.0%,2,0,2,0.0%,0,0,0,-,0.00
Manchester Basketball,Handoffs,#1Kyle Carey,2,7.7%,-,5,2.500,-,-,2,2,0,100.0%,125.0%,0.83,2.50,+1.67,125.0%,2,0.0%,0.0%,0.00,0.0%,100.0%,1,1,0,100.0%,1,1,0,100.0%,0.50
Manchester Basketball,Handoffs,#22Tim Adetukasi,1,3.8%,-,2,2.000,-,-,1,1,0,100.0%,100.0%,0.75,2.00,+1.25,100.0%,1,0.0%,0.0%,0.00,0.0%,100.0%,1,1,0,100.0%,0,0,0,-,0.00
Manchester Basketball,Handoffs,#3Gabe Osabuohien,1,3.8%,-,0,0.000,-,-,1,0,1,0.0%,0.0%,0.97,0.00,-0.97,0.0%,1,0.0%,0.0%,0.00,0.0%,0.0%,0,0,0,-,1,0,1,0.0%,1.00
Manchester Basketball,Handoffs,#5Cody John,1,3.8%,-,0,0.000,-,-,1,0,1,0.0%,0.0%,1.12,0.00,-1.12,0.0%,1,0.0%,0.0%,0.00,0.0%,0.0%,0,0,0,-,1,0,1,0.0%,1.00
Manchester Basketball,Handoffs,#33Judson Martindale,1,3.8%,-,2,2.000,-,-,1,1,0,100.0%,100.0%,0.75,2.00,+1.25,100.0%,1,0.0%,0.0%,0.00,0.0%,100.0%,1,1,0,100.0%,0,0,0,-,0.00
Manchester Basketball,P&R Including Passes,#0Patrick Smith,64,16.9%,90%,55,0.859,65%,Very Good,48,21,27,43.8%,50.0%,0.89,1.00,+0.11,52.5%,52,20.3%,9.4%,0.21,9.4%,37.5%,33,15,18,45.5%,15,6,9,40.0%,0.31
Manchester Basketball,P&R Including Passes,#2Max Jones,66,17.5%,95%,46,0.697,88%,Excellent,47,18,29,38.3%,43.6%,0.91,0.87,-0.04,44.4%,52,22.7%,9.1%,0.23,7.6%,31.8%,31,13,18,41.9%,16,5,11,31.3%,0.34
Manchester Basketball,P&R Including Passes,#9Kaiyem Cleary,46,12.2%,79%,43,0.935,54%,Good,34,15,19,44.1%,51.5%,0.92,1.03,+0.11,55.4%,39,15.2%,13.0%,0.32,8.7%,43.5%,21,10,11,47.6%,13,5,8,38.5%,0.38
Manchester Basketball,P&R Including Passes,#11Jordan Johnson,40,10.6%,80%,39,0.975,41%,Average,33,14,19,42.4%,51.5%,0.91,1.03,+0.12,55.4%,35,12.5%,7.5%,0.15,7.5%,40.0%,21,8,13,38.1%,12,6,6,50.0%,0.36
Manchester Basketball,P&R Including Passes,#22Tim Adetukasi,20,5.3%,39%,17,0.850,66%,Very Good,17,5,12,29.4%,38.2%,0.87,0.76,-0.11,43.3%,20,0.0%,15.0%,0.35,10.0%,40.0%,8,2,6,25.0%,9,3,6,33.3%,0.53
Manchester Basketball,P&R Including Passes,#7Zak Irvin,25,6.6%,78%,34,1.360,1%,Poor,22,12,10,54.5%,68.2%,0.94,1.36,+0.42,71.5%,24,4.0%,8.0%,0.18,4.0%,56.0%,9,6,3,66.7%,13,6,7,46.2%,0.59
Manchester Basketball,P&R Including Passes,#34Matt Nicholson,11,2.9%,3%,11,1.000,39%,Average,11,4,7,36.4%,50.0%,1.03,1.00,-0.03,50.0%,11,0.0%,0.0%,0.00,0.0%,36.4%,4,1,3,25.0%,7,3,4,42.9%,0.64
Manchester Basketball,P&R Including Passes,#13Kayne Henry,12,3.2%,11%,14,1.167,10%,Poor,9,5,4,55.6%,66.7%,0.98,1.33,+0.35,70.9%,10,16.7%,8.3%,0.22,8.3%,50.0%,4,3,1,75.0%,5,2,3,40.0%,0.56
Manchester Basketball,P&R Including Passes,#1Kyle Carey,22,5.8%,98%,17,0.773,74%,Very Good,15,6,9,40.0%,43.3%,0.87,0.87,0.00,49.4%,17,22.7%,13.6%,0.33,13.6%,36.4%,8,5,3,62.5%,7,1,6,14.3%,0.47
Manchester Basketball,P&R Including Passes,#3Gabe Osabuohien,9,2.4%,-,8,0.889,-,-,7,3,4,42.9%,57.1%,1.06,1.14,+0.08,57.1%,7,22.2%,0.0%,0.00,0.0%,33.3%,3,1,2,33.3%,4,2,2,50.0%,0.57
Manchester Basketball,P&R Including Passes,#5Cody John,8,2.1%,-,15,1.875,-,-,7,5,2,71.4%,85.7%,1.00,1.71,+0.71,90.1%,8,0.0%,25.0%,0.43,25.0%,75.0%,4,3,1,75.0%,3,2,1,66.7%,0.43
Manchester Basketball,P&R Including Passes,#33Judson Martindale,2,0.5%,-,3,1.500,-,-,2,1,1,50.0%,50.0%,0.70,1.00,+0.30,61.5%,2,0.0%,50.0%,0.50,50.0%,50.0%,2,1,1,50.0%,0,0,0,-,0.00
Manchester Basketball,P&R BH - Defense Commits,#0Patrick Smith,21,10.3%,10%,8,0.381,94%,Excellent,11,3,8,27.3%,36.4%,0.98,0.73,-0.25,36.4%,11,47.6%,0.0%,0.00,0.0%,14.3%,4,1,3,25.0%,7,2,5,28.6%,0.64
Manchester Basketball,P&R BH - Defense Commits,#2Max Jones,21,10.3%,10%,9,0.429,90%,Excellent,7,3,4,42.9%,57.1%,0.79,1.14,+0.35,54.1%,8,61.9%,9.5%,0.43,4.8%,19.0%,4,1,3,25.0%,3,2,1,66.7%,0.43
Manchester Basketball,P&R BH - Defense Commits,#9Kaiyem Cleary,20,9.9%,45%,25,1.250,9%,Poor,12,8,4,66.7%,87.5%,1.05,1.75,+0.70,88.0%,14,30.0%,15.0%,0.42,10.0%,50.0%,3,3,0,100.0%,9,5,4,55.6%,0.75
Manchester Basketball,P&R BH - Defense Commits,#11Jordan Johnson,17,8.4%,43%,6,0.353,96%,Excellent,12,2,10,16.7%,25.0%,0.99,0.50,-0.49,25.0%,12,29.4%,0.0%,0.00,0.0%,11.8%,5,0,5,0.0%,7,2,5,28.6%,0.58
Manchester Basketball,P&R BH - Defense Commits,#22Tim Adetukasi,12,5.9%,63%,12,1.000,31%,Average,10,3,7,30.0%,45.0%,0.88,0.90,+0.02,51.0%,12,0.0%,16.7%,0.40,8.3%,41.7%,4,0,4,0.0%,6,3,3,50.0%,0.60
Manchester Basketball,P&R BH - Defense Commits,#7Zak Irvin,24,11.8%,99%,32,1.333,4%,Poor,21,11,10,52.4%,66.7%,0.95,1.33,+0.38,70.3%,23,4.2%,8.3%,0.19,4.2%,54.2%,8,5,3,62.5%,13,6,7,46.2%,0.62
Manchester Basketball,P&R BH - Defense Commits,#34Matt Nicholson,10,4.9%,66%,11,1.100,12%,Poor,10,4,6,40.0%,55.0%,1.05,1.10,+0.05,55.0%,10,0.0%,0.0%,0.00,0.0%,40.0%,4,1,3,25.0%,6,3,3,50.0%,0.60
Manchester Basketball,P&R BH - Defense Commits,#13Kayne Henry,8,3.9%,-,8,1.000,-,-,6,3,3,50.0%,66.7%,1.06,1.33,+0.27,66.7%,6,25.0%,0.0%,0.00,0.0%,37.5%,1,1,0,100.0%,5,2,3,40.0%,0.83
Manchester Basketball,P&R BH - Defense Commits,#1Kyle Carey,6,3.0%,-,3,0.500,-,-,2,1,1,50.0%,75.0%,1.11,1.50,+0.39,75.0%,2,66.7%,0.0%,0.00,0.0%,16.7%,0,0,0,-,2,1,1,50.0%,1.00
Manchester Basketball,P&R BH - Defense Commits,#3Gabe Osabuohien,9,4.4%,-,8,0.889,-,-,7,3,4,42.9%,57.1%,1.06,1.14,+0.08,57.1%,7,22.2%,0.0%,0.00,0.0%,33.3%,3,1,2,33.3%,4,2,2,50.0%,0.57
Manchester Basketball,P&R BH - Defense Commits,#5Cody John,2,1.0%,-,6,3.000,-,-,2,2,0,100.0%,150.0%,1.11,3.00,+1.89,150.0%,2,0.0%,0.0%,0.00,0.0%,100.0%,0,0,0,-,2,2,0,100.0%,1.00
Manchester Basketball,P&R BH - Traps,#0Patrick Smith,1,33.3%,-,0,0.000,-,-,1,0,1,0.0%,0.0%,1.00,0.00,-1.00,0.0%,1,0.0%,0.0%,0.00,0.0%,0.0%,1,0,1,0.0%,0,0,0,-,0.00
Manchester Basketball,P&R BH - Traps,#11Jordan Johnson,1,33.3%,-,0,0.000,-,-,0,0,0,-,-,-,-,-,-,0,100.0%,0.0%,-,0.0%,0.0%,0,0,0,-,0,0,0,-,-
Manchester Basketball,P&R BH - Traps,#7Zak Irvin,1,33.3%,-,0,0.000,-,-,1,0,1,0.0%,0.0%,1.00,0.00,-1.00,0.0%,1,0.0%,0.0%,0.00,0.0%,0.0%,0,0,0,-,1,0,1,0.0%,1.00
Manchester Basketball,ISO Including Passes,#2Max Jones,8,16.0%,-,10,1.250,-,-,8,4,4,50.0%,56.3%,0.80,1.13,+0.33,59.2%,8,0.0%,12.5%,0.13,12.5%,50.0%,6,3,3,50.0%,2,1,1,50.0%,0.25
Manchester Basketball,ISO Including Passes,#0Patrick Smith,7,14.0%,-,2,0.286,-,-,5,0,5,0.0%,0.0%,0.75,0.00,-0.75,17.0%,6,14.3%,14.3%,0.40,14.3%,14.3%,3,0,3,0.0%,2,0,2,0.0%,0.40
Manchester Basketball,ISO Including Passes,#9Kaiyem Cleary,5,10.0%,-,0,0.000,-,-,5,0,5,0.0%,0.0%,0.78,0.00,-0.78,0.0%,5,0.0%,0.0%,0.00,0.0%,0.0%,1,0,1,0.0%,4,0,4,0.0%,0.80
Manchester Basketball,ISO Including Passes,#11Jordan Johnson,2,4.0%,-,0,0.000,-,-,2,0,2,0.0%,0.0%,0.84,0.00,-0.84,0.0%,2,0.0%,0.0%,0.00,0.0%,0.0%,2,0,2,0.0%,0,0,0,-,0.00
Manchester Basketball,ISO Including Passes,#22Tim Adetukasi,8,16.0%,-,9,1.125,-,-,7,3,4,42.9%,50.0%,0.90,1.00,+0.10,57.1%,8,0.0%,12.5%,0.29,12.5%,50.0%,5,2,3,40.0%,2,1,1,50.0%,0.29
Manchester Basketball,ISO Including Passes,#7Zak Irvin,4,8.0%,-,3,0.750,-,-,4,1,3,25.0%,37.5%,0.97,0.75,-0.22,37.5%,4,0.0%,0.0%,0.00,0.0%,25.0%,2,0,2,0.0%,2,1,1,50.0%,0.50
Manchester Basketball,ISO Including Passes,#34Matt Nicholson,7,14.0%,-,12,1.714,-,-,6,4,2,66.7%,83.3%,0.83,1.67,+0.84,87.2%,7,0.0%,14.3%,0.33,14.3%,71.4%,4,2,2,50.0%,2,2,0,100.0%,0.33
Manchester Basketball,ISO Including Passes,#13Kayne Henry,2,4.0%,-,2,1.000,-,-,1,0,1,0.0%,0.0%,0.84,0.00,-0.84,53.2%,2,0.0%,50.0%,2.00,50.0%,50.0%,1,0,1,0.0%,0,0,0,-,0.00
Manchester Basketball,ISO Including Passes,#3Gabe Osabuohien,3,6.0%,-,1,0.333,-,-,0,0,0,-,-,-,-,-,56.8%,1,66.7%,33.3%,-,0.0%,33.3%,0,0,0,-,0,0,0,-,-
Manchester Basketball,ISO Including Passes,#5Cody John,1,2.0%,-,0,0.000,-,-,0,0,0,-,-,-,-,-,-,0,100.0%,0.0%,-,0.0%,0.0%,0,0,0,-,0,0,0,-,-
Manchester Basketball,ISO - Defense Commits,#2Max Jones,1,11.1%,-,2,2.000,-,-,1,1,0,100.0%,100.0%,1.00,2.00,+1.00,100.0%,1,0.0%,0.0%,0.00,0.0%,100.0%,1,1,0,100.0%,0,0,0,-,0.00
Manchester Basketball,ISO - Defense Commits,#0Patrick Smith,1,11.1%,-,0,0.000,-,-,0,0,0,-,-,-,-,-,-,0,100.0%,0.0%,-,0.0%,0.0%,0,0,0,-,0,0,0,-,-
Manchester Basketball,ISO - Defense Commits,#9Kaiyem Cleary,1,11.1%,-,0,0.000,-,-,1,0,1,0.0%,0.0%,1.05,0.00,-1.05,0.0%,1,0.0%,0.0%,0.00,0.0%,0.0%,0,0,0,-,1,0,1,0.0%,1.00
Manchester Basketball,ISO - Defense Commits,#22Tim Adetukasi,1,11.1%,-,3,3.000,-,-,1,1,0,100.0%,150.0%,1.03,3.00,+1.97,150.0%,1,0.0%,0.0%,0.00,0.0%,100.0%,0,0,0,-,1,1,0,100.0%,1.00
Manchester Basketball,ISO - Defense Commits,#34Matt Nicholson,1,11.1%,-,3,3.000,-,-,1,1,0,100.0%,150.0%,0.85,3.00,+2.15,150.0%,1,0.0%,0.0%,0.00,0.0%,100.0%,0,0,0,-,1,1,0,100.0%,1.00
Manchester Basketball,ISO - Defense Commits,#3Gabe Osabuohien,1,11.1%,-,0,0.000,-,-,0,0,0,-,-,-,-,-,-,0,100.0%,0.0%,-,0.0%,0.0%,0,0,0,-,0,0,0,-,-
Manchester Basketball,Post-Ups Including Passes,#2Max Jones,8,13.6%,-,9,1.125,-,-,5,4,1,80.0%,80.0%,0.96,1.60,+0.64,58.9%,8,0.0%,37.5%,1.20,25.0%,62.5%,4,4,0,100.0%,1,0,1,0.0%,0.20
Manchester Basketball,Post-Ups Including Passes,#0Patrick Smith,7,11.9%,-,10,1.429,-,-,6,3,3,50.0%,58.3%,1.01,1.17,+0.16,68.3%,7,0.0%,28.6%,0.50,28.6%,57.1%,4,2,2,50.0%,2,1,1,50.0%,0.33
Manchester Basketball,Post-Ups Including Passes,#9Kaiyem Cleary,3,5.1%,-,2,0.667,-,-,2,1,1,50.0%,50.0%,0.91,1.00,+0.09,50.0%,2,33.3%,0.0%,0.00,0.0%,33.3%,1,1,0,100.0%,1,0,1,0.0%,0.50
Manchester Basketball,Post-Ups Including Passes,#11Jordan Johnson,5,8.5%,-,5,1.000,-,-,2,2,0,100.0%,125.0%,0.67,2.50,+1.83,125.0%,2,60.0%,0.0%,0.00,0.0%,40.0%,1,1,0,100.0%,1,1,0,100.0%,0.50
Manchester Basketball,Post-Ups Including Passes,#22Tim Adetukasi,2,3.4%,-,4,2.000,-,-,1,1,0,100.0%,100.0%,0.60,2.00,+1.40,106.4%,2,0.0%,50.0%,2.00,50.0%,100.0%,1,1,0,100.0%,0,0,0,-,0.00
Manchester Basketball,Post-Ups Including Passes,#7Zak Irvin,4,6.8%,-,2,0.500,-,-,3,1,2,33.3%,33.3%,0.89,0.67,-0.22,33.3%,3,25.0%,0.0%,0.00,0.0%,25.0%,2,1,1,50.0%,1,0,1,0.0%,0.33
Manchester Basketball,Post-Ups Including Passes,#34Matt Nicholson,6,10.2%,-,2,0.333,-,-,6,1,5,16.7%,16.7%,0.89,0.33,-0.56,16.7%,6,0.0%,0.0%,0.00,0.0%,16.7%,6,1,5,16.7%,0,0,0,-,0.00
Manchester Basketball,Post-Ups Including Passes,#13Kayne Henry,6,10.2%,-,9,1.500,-,-,5,4,1,80.0%,90.0%,0.89,1.80,+0.91,90.0%,5,16.7%,0.0%,0.00,0.0%,66.7%,3,3,0,100.0%,2,1,1,50.0%,0.40
Manchester Basketball,Post-Ups Including Passes,#3Gabe Osabuohien,7,11.9%,-,4,0.571,-,-,4,1,3,25.0%,25.0%,0.94,0.50,-0.44,37.6%,5,28.6%,28.6%,0.75,28.6%,28.6%,3,1,2,33.3%,1,0,1,0.0%,0.25
Manchester Basketball,Post-Ups Including Passes,#1Kyle Carey,4,6.8%,-,2,0.500,-,-,4,1,3,25.0%,25.0%,1.00,0.50,-0.50,25.0%,4,0.0%,0.0%,0.00,0.0%,25.0%,3,1,2,33.3%,1,0,1,0.0%,0.25
Manchester Basketball,Post-Ups Including Passes,#5Cody John,2,3.4%,-,3,1.500,-,-,2,1,1,50.0%,75.0%,0.89,1.50,+0.61,75.0%,2,0.0%,0.0%,0.00,0.0%,50.0%,1,0,1,0.0%,1,1,0,100.0%,0.50
Manchester Basketball,Post-Ups Including Passes,#33Judson Martindale,1,1.7%,-,0,0.000,-,-,0,0,0,-,-,-,-,-,-,0,100.0%,0.0%,-,0.0%,0.0%,0,0,0,-,0,0,0,-,-
Manchester Basketball,Post-Up - Defense Commits,#2Max Jones,1,4.0%,-,0,0.000,-,-,1,0,1,0.0%,0.0%,1.11,0.00,-1.11,0.0%,1,0.0%,0.0%,0.00,0.0%,0.0%,0,0,0,-,1,0,1,0.0%,1.00
Manchester Basketball,Post-Up - Defense Commits,#0Patrick Smith,2,8.0%,-,3,1.500,-,-,2,1,1,50.0%,75.0%,0.95,1.50,+0.55,75.0%,2,0.0%,0.0%,0.00,0.0%,50.0%,0,0,0,-,2,1,1,50.0%,1.00
Manchester Basketball,Post-Up - Defense Commits,#9Kaiyem Cleary,2,8.0%,-,0,0.000,-,-,1,0,1,0.0%,0.0%,1.05,0.00,-1.05,0.0%,1,50.0%,0.0%,0.00,0.0%,0.0%,0,0,0,-,1,0,1,0.0%,1.00
Manchester Basketball,Post-Up - Defense Commits,#11Jordan Johnson,3,12.0%,-,3,1.000,-,-,1,1,0,100.0%,150.0%,1.07,3.00,+1.93,150.0%,1,66.7%,0.0%,0.00,0.0%,33.3%,0,0,0,-,1,1,0,100.0%,1.00
Manchester Basketball,Post-Up - Defense Commits,#7Zak Irvin,2,8.0%,-,0,0.000,-,-,1,0,1,0.0%,0.0%,1.04,0.00,-1.04,0.0%,1,50.0%,0.0%,0.00,0.0%,0.0%,0,0,0,-,1,0,1,0.0%,1.00
Manchester Basketball,Post-Up - Defense Commits,#13Kayne Henry,4,16.0%,-,7,1.750,-,-,4,3,1,75.0%,87.5%,0.93,1.75,+0.82,87.5%,4,0.0%,0.0%,0.00,0.0%,75.0%,2,2,0,100.0%,2,1,1,50.0%,0.50
Manchester Basketball,Post-Up - Defense Commits,#3Gabe Osabuohien,2,8.0%,-,0,0.000,-,-,1,0,1,0.0%,0.0%,1.03,0.00,-1.03,0.0%,1,50.0%,0.0%,0.00,0.0%,0.0%,0,0,0,-,1,0,1,0.0%,1.00
Manchester Basketball,Post-Up - Defense Commits,#1Kyle Carey,3,12.0%,-,0,0.000,-,-,3,0,3,0.0%,0.0%,1.06,0.00,-1.06,0.0%,3,0.0%,0.0%,0.00,0.0%,0.0%,2,0,2,0.0%,1,0,1,0.0%,0.33
Manchester Basketball,Post-Up - Defense Commits,#5Cody John,1,4.0%,-,3,3.000,-,-,1,1,0,100.0%,150.0%,1.20,3.00,+1.80,150.0%,1,0.0%,0.0%,0.00,0.0%,100.0%,0,0,0,-,1,1,0,100.0%,1.00
Manchester Basketball,Post-Up - Defense Commits,#33Judson Martindale,1,4.0%,-,0,0.000,-,-,0,0,0,-,-,-,-,-,-,0,100.0%,0.0%,-,0.0%,0.0%,0,0,0,-,0,0,0,-,-
Manchester Basketball,Post-Up - Hard Double,#2Max Jones,1,6.7%,-,0,0.000,-,-,1,0,1,0.0%,0.0%,1.11,0.00,-1.11,0.0%,1,0.0%,0.0%,0.00,0.0%,0.0%,0,0,0,-,1,0,1,0.0%,1.00
Manchester Basketball,Post-Up - Hard Double,#0Patrick Smith,3,20.0%,-,5,1.667,-,-,2,1,1,50.0%,75.0%,0.95,1.50,+0.55,86.8%,3,0.0%,33.3%,1.00,33.3%,66.7%,0,0,0,-,2,1,1,50.0%,1.00
Manchester Basketball,Post-Up - Hard Double,#9Kaiyem Cleary,2,13.3%,-,0,0.000,-,-,1,0,1,0.0%,0.0%,1.05,0.00,-1.05,0.0%,1,50.0%,0.0%,0.00,0.0%,0.0%,0,0,0,-,1,0,1,0.0%,1.00
Manchester Basketball,Post-Up - Hard Double,#11Jordan Johnson,3,20.0%,-,2,0.667,-,-,1,1,0,100.0%,100.0%,0.27,2.00,+1.73,100.0%,1,66.7%,0.0%,0.00,0.0%,33.3%,1,1,0,100.0%,0,0,0,-,0.00
Manchester Basketball,Post-Up - Hard Double,#7Zak Irvin,1,6.7%,-,0,0.000,-,-,1,0,1,0.0%,0.0%,1.04,0.00,-1.04,0.0%,1,0.0%,0.0%,0.00,0.0%,0.0%,0,0,0,-,1,0,1,0.0%,1.00
Manchester Basketball,Post-Up - Hard Double,#1Kyle Carey,2,13.3%,-,0,0.000,-,-,2,0,2,0.0%,0.0%,0.77,0.00,-0.77,0.0%,2,0.0%,0.0%,0.00,0.0%,0.0%,2,0,2,0.0%,0,0,0,-,0.00
Manchester Basketball,Post-Up - Hard Double,#5Cody John,1,6.7%,-,3,3.000,-,-,1,1,0,100.0%,150.0%,1.20,3.00,+1.80,150.0%,1,0.0%,0.0%,0.00,0.0%,100.0%,0,0,0,-,1,1,0,100.0%,1.00
Manchester Basketball,Post-Up - Hard Double,#33Judson Martindale,1,6.7%,-,0,0.000,-,-,0,0,0,-,-,-,-,-,-,0,100.0%,0.0%,-,0.0%,0.0%,0,0,0,-,0,0,0,-,-
