Team,Lineup,Lineup_Key,Games,Clutch_Minutes,Clutch_Seconds,PTS,FGM,FGA,FG%,3PM,3PA,3P%,FTM,FTA,FT%,OREB,DREB,REB,AST,STL,BLK,TOV,PF,PTS_ALLOWED,POSS,OFF_RTG,DEF_RTG,NET_RTG,PTS/MIN,DIFF
Leicester Riders,"Donald Carey Jr, Marc Loving, Spencer Johnson, Raequan Battle, Nathaniel Martin","Leicester Riders|13,2,20,21,41",10,26.0,1561.0,68,21,44,47.7,6,18,33.3,20,24,83.3,0,0,0,13,0,0,8,0,68,62.6,108.7,110.0,-1.3,2.61,0
Surrey 89ers,"Isiah Small, Tyrin Lawrence, Kino Lily Jr, Michael Graham, Ronald Polite Iii","Surrey 89ers|0,10,12,21,7",3,13.2,790.0,48,19,25,76.0,6,7,85.7,4,5,80.0,0,0,0,12,0,0,5,0,22,32.2,149.1,83.0,66.1,3.65,26
Cheshire Phoenix,"Tobias Cameron, Michael Diggins, Jaxon Brenchley, Laquincy Rideau, Skyler White","Cheshire Phoenix|11,2,23,3,99",3,12.4,744.0,28,9,24,37.5,4,13,30.8,6,7,85.7,0,0,0,4,0,0,3,0,25,30.1,93.1,95.0,-1.9,2.26,3
Cheshire Phoenix,"Patrick Robinson, Michael Diggins, Laquincy Rideau, Frankie Policelli, Skyler White","Cheshire Phoenix|13,2,3,5,99",4,10.9,653.0,30,10,19,52.6,4,9,44.4,6,10,60.0,0,0,0,3,0,0,2,0,11,25.4,118.1,53.6,64.5,2.76,19
Bristol Flyers,"Joseph Anderson, William Yoakum, Zachary Anderson, Darnell Brodie, Cameron Holden","Bristol Flyers|22,3,4,51,7",5,10.4,624.0,24,8,15,53.3,5,7,71.4,3,5,60.0,0,0,0,2,0,0,3,0,19,20.2,118.8,78.9,39.9,2.31,5
Surrey 89ers,"Isiah Small, Owen Koonce, Kino Lily Jr, Michael Graham, Ronald Polite Iii","Surrey 89ers|0,1,12,21,7",2,9.7,581.0,17,6,10,60.0,1,4,25.0,4,5,80.0,0,0,0,1,0,0,5,0,20,17.2,98.8,91.1,7.8,1.76,-3
Cheshire Phoenix,"Patrick Robinson, Michael Diggins, Jaxon Brenchley, Laquincy Rideau, Frankie Policelli","Cheshire Phoenix|13,2,23,3,5",2,9.2,550.0,21,7,16,43.8,2,7,28.6,5,7,71.4,0,0,0,5,0,0,1,0,19,20.1,104.6,78.9,25.7,2.29,2
Newcastle Eagles,"Maceo Jack, Cole Long, Ray'sean Taylor, Mitch Clarke, Gus Okafor","Newcastle Eagles|14,15,3,41,99",3,8.3,497.0,19,6,12,50.0,0,3,0.0,7,11,63.6,0,0,0,0,0,0,7,0,32,23.8,79.7,106.1,-26.4,2.29,-13
Bristol Flyers,"Owen Mccormack, Joseph Anderson, William Yoakum, Zachary Anderson, Cameron Holden","Bristol Flyers|13,22,3,4,7",3,8.1,488.0,14,2,5,40.0,1,2,50.0,9,15,60.0,0,0,0,2,0,0,5,0,13,16.6,84.3,68.1,16.2,1.72,1
Surrey 89ers,"Isiah Small, Kino Lily Jr, Tayo Ogedengbe, Nedas Cholevinskas, Ronald Polite Iii","Surrey 89ers|0,12,15,17,7",5,8.1,485.0,12,5,16,31.2,1,4,25.0,1,4,25.0,0,0,0,2,0,0,4,0,20,21.8,55.1,97.5,-42.3,1.48,-8
Surrey 89ers,"Isiah Small, Kareem Queeley, Kino Lily Jr, Michael Graham, Ronald Polite Iii","Surrey 89ers|0,11,12,21,7",2,7.0,419.0,12,0,4,0.0,0,3,0.0,12,14,85.7,0,0,0,1,0,0,2,0,10,12.2,98.7,80.4,18.3,1.72,2
Newcastle Eagles,"Maceo Jack, Cole Long, Ray'sean Taylor, Deion Hammond, Gus Okafor","Newcastle Eagles|14,15,3,8,99",5,6.7,401.0,22,8,13,61.5,6,11,54.5,0,2,0.0,0,0,0,6,0,0,3,0,24,16.9,130.3,134.5,-4.2,3.29,-2
Newcastle Eagles,"Maceo Jack, Cole Long, Mitch Clarke, Deion Hammond, Gus Okafor","Newcastle Eagles|14,15,41,8,99",3,6.7,401.0,11,4,11,36.4,1,3,33.3,2,2,100.0,0,0,0,1,0,0,2,0,22,13.9,79.3,106.6,-27.3,1.65,-11
Manchester Basketball,"Patrick Smith Jr, Max Jones, Oluwaseyi Adetukasi, Zak Irvin, Kaiyem Cleary","Manchester Basketball|0,2,22,7,9",2,6.4,386.0,27,8,14,57.1,3,4,75.0,8,9,88.9,0,0,0,3,0,0,1,0,13,19.0,142.4,97.6,44.8,4.2,14
Leicester Riders,"Donald Carey Jr, Marc Loving, Spencer Johnson, Travis Evee, Nathaniel Martin","Leicester Riders|13,2,20,3,41",2,6.0,360.0,15,6,8,75.0,2,3,66.7,1,2,50.0,0,0,0,4,0,0,2,0,11,10.9,137.9,102.2,35.6,2.5,4
Newcastle Eagles,"Maceo Jack, Cole Long, Brett Reed, Marco Anthony, Mitch Clarke","Newcastle Eagles|14,15,24,25,41",1,5.7,341.0,14,6,9,66.7,1,1,100.0,1,4,25.0,0,0,0,2,0,0,3,0,9,13.8,101.7,69.9,31.9,2.46,5
Bristol Flyers,"Owen Mccormack, Marcus Delpeche, Joseph Anderson, William Yoakum, Cameron Holden","Bristol Flyers|13,21,22,3,7",1,5.7,341.0,16,5,8,62.5,4,6,66.7,2,2,100.0,0,0,0,3,0,0,3,0,7,11.9,134.7,70.9,63.8,2.82,9
London Lions,"Joel Scott, Jonathan Williams, Kameron Mcgusty, Deane Williams, Mohammad Al-Amin Abdul Adamu","London Lions|1,13,23,31,5",2,5.5,329.0,9,4,11,36.4,1,4,25.0,0,0,0,0,0,0,2,0,0,0,0,11,11.0,81.8,118.0,-36.2,1.64,-2
Newcastle Eagles,"Maceo Jack, Cole Long, Marco Anthony, Ray'sean Taylor, Mitch Clarke","Newcastle Eagles|14,15,25,3,41",3,5.3,320.0,3,1,6,16.7,1,4,25.0,0,0,0,0,0,0,2,0,0,1,0,19,7.0,42.9,151.8,-108.9,0.56,-16
Cheshire Phoenix,"Tobias Cameron, Jaxon Brenchley, Laquincy Rideau, Frankie Policelli, Skyler White","Cheshire Phoenix|11,23,3,5,99",3,5.3,319.0,6,2,9,22.2,1,5,20.0,1,3,33.3,0,0,0,3,0,0,2,0,21,12.3,48.7,108.7,-60.0,1.13,-15
B. Braun Sheffield Sharks,"Dirk Williams, Prentiss Nixon, William Lee, Mervin James, Jordan Ratinho","B. Braun Sheffield Sharks|1,2,4,5,9",1,5.3,320.0,19,7,12,58.3,2,3,66.7,3,3,100.0,0,0,0,2,0,0,4,0,6,17.3,109.7,45.9,63.8,3.56,13
B. Braun Sheffield Sharks,"Dirk Williams, Mike Ochereobia, Prentiss Nixon, Rodney Chatman Iii, Jordan Ratinho","B. Braun Sheffield Sharks|1,15,2,3,9",2,5.2,313.0,6,2,6,33.3,0,1,0.0,2,2,100.0,0,0,0,0,0,0,5,0,10,11.9,50.5,72.0,-21.5,1.15,-4
Bristol Flyers,"Marcus Delpeche, Milos Dugalic, William Yoakum, Cameron Holden, Jonathan Brown","Bristol Flyers|21,25,3,7,9",2,5.2,311.0,9,4,6,66.7,1,3,33.3,0,0,0,0,0,0,4,0,0,2,0,4,8.0,112.5,41.0,71.5,1.74,5
Bristol Flyers,"Marcus Delpeche, Milos Dugalic, William Yoakum, Zachary Anderson, Jonathan Brown","Bristol Flyers|21,25,3,4,9",2,4.9,292.0,14,5,8,62.5,0,1,0.0,4,5,80.0,0,0,0,2,0,0,2,0,5,12.2,114.8,55.6,59.2,2.88,9
Newcastle Eagles,"Maceo Jack, Cole Long, Emmanuel Kanwei, Ray'sean Taylor, Mitch Clarke","Newcastle Eagles|14,15,21,3,41",3,4.9,295.0,9,4,7,57.1,1,2,50.0,0,0,0,0,0,0,1,0,0,3,0,3,10.0,90.0,30.0,60.0,1.83,6
London Lions,"Joel Scott, Aaryndeep Rai, Kameron Mcgusty, Deane Williams, Shavar Reynolds Jr","London Lions|1,21,23,31,33",1,4.8,288.0,14,6,7,85.7,0,1,0.0,2,8,25.0,0,0,0,1,0,0,2,0,4,12.5,111.8,48.1,63.7,2.92,10
Surrey 89ers,"Isiah Small, Kino Lily Jr, Nedas Cholevinskas, Michael Graham, Ronald Polite Iii","Surrey 89ers|0,12,17,21,7",3,4.8,289.0,6,2,11,18.2,1,5,20.0,1,2,50.0,0,0,0,1,0,0,1,0,9,12.9,46.6,90.0,-43.4,1.25,-3
Cheshire Phoenix,"Tobias Cameron, Patrick Robinson, Michael Diggins, Frankie Policelli, Damiri Lindo","Cheshire Phoenix|11,13,2,5,9",2,4.7,282.0,8,1,12,8.3,0,6,0.0,6,8,75.0,0,0,0,1,0,0,1,0,11,16.5,48.4,74.5,-26.1,1.7,-3
B. Braun Sheffield Sharks,"Dirk Williams, Rodney Glasgow Jr, Jalen Deloach, William Lee, Jordan Ratinho","B. Braun Sheffield Sharks|1,11,23,4,9",1,4.7,280.0,8,3,6,50.0,2,3,66.7,0,0,0,0,0,0,2,0,0,2,0,8,8.0,100.0,58.7,41.3,1.71,0
Caledonia Gladiators,"Kevin Allen, Ria'n Holland, Daylen Williams, Ethan Wright, Fraser Malcolm","Caledonia Gladiators|0,10,15,40,7",1,4.6,278.0,6,2,5,40.0,0,1,0.0,2,3,66.7,0,0,0,2,0,0,1,0,7,7.3,82.0,70.0,12.0,1.29,-1
Bristol Flyers,"Owen Mccormack, Joseph Anderson, Zachary Anderson, Cameron Holden, Evan Walshe","Bristol Flyers|13,22,4,7,77",1,4.6,277.0,12,5,8,62.5,0,2,0.0,2,2,100.0,0,0,0,3,0,0,0,0,8,8.9,135.1,160.0,-24.9,2.6,4
Cheshire Phoenix,"Patrick Robinson, Michael Diggins, Jaxon Brenchley, Matthew Zona, Damiri Lindo","Cheshire Phoenix|13,2,23,24,9",1,4.5,270.0,9,4,8,50.0,1,4,25.0,0,1,0.0,0,0,0,2,0,0,1,0,6,9.4,95.3,75.0,20.3,2.0,3
London Lions,"Joel Scott, Jonathan Williams, Tarik Phillip, Deane Williams, Shavar Reynolds Jr","London Lions|1,13,22,31,33",1,4.4,262.0,16,4,7,57.1,1,2,50.0,7,10,70.0,0,0,0,2,0,0,0,0,7,11.4,140.4,88.8,51.5,3.66,9
Cheshire Phoenix,"Patrick Robinson, Jaxon Brenchley, Laquincy Rideau, Frankie Policelli, Skyler White","Cheshire Phoenix|13,23,3,5,99",3,4.3,261.0,19,5,8,62.5,3,3,100.0,6,6,100.0,0,0,0,2,0,0,1,0,22,11.6,163.2,160.3,2.9,4.37,-3
Manchester Basketball,"Jordan Johnson, Max Jones, Oluwaseyi Adetukasi, Matthew Nicholson, Kaiyem Cleary","Manchester Basketball|11,2,22,34,9",4,4.3,259.0,11,3,5,60.0,2,4,50.0,3,4,75.0,0,0,0,2,0,0,2,0,7,8.8,125.6,87.5,38.1,2.55,4
Newcastle Eagles,"Maceo Jack, Cole Long, Josh Ward-Hibbert, Marco Anthony, Ray'sean Taylor","Newcastle Eagles|14,15,2,25,3",1,4.2,250.0,11,5,7,71.4,0,1,0.0,1,2,50.0,0,0,0,1,0,0,0,0,5,7.9,139.6,50.6,89.0,2.64,6
Leicester Riders,"Aaron Menzies, Donald Carey Jr, Spencer Johnson, Raequan Battle, Emmanuel Akot","Leicester Riders|12,13,20,21,9",2,4.2,252.0,5,2,7,28.6,1,5,20.0,0,0,0,0,0,0,1,0,0,2,0,5,9.0,55.6,60.1,-4.5,1.19,0
Manchester Basketball,"Patrick Smith Jr, Max Jones, Oluwaseyi Adetukasi, Gabriel Osbuhein, Kaiyem Cleary","Manchester Basketball|0,2,22,3,9",2,4.2,253.0,15,6,9,66.7,2,3,66.7,1,2,50.0,0,0,0,4,0,0,0,0,5,9.9,151.8,71.4,80.4,3.56,10
Bristol Flyers,"Marcus Delpeche, Joseph Anderson, Zachary Anderson, Cameron Holden, Evan Walshe","Bristol Flyers|21,22,4,7,77",1,4.2,253.0,9,4,4,100.0,1,1,100.0,0,0,0,0,0,0,3,0,0,3,0,0,7.0,128.6,0.0,128.6,2.13,9
Newcastle Eagles,"Maceo Jack, Cole Long, Josh Ward-Hibbert, Marco Anthony, Mitch Clarke","Newcastle Eagles|14,15,2,25,41",1,4.1,248.0,9,4,9,44.4,1,3,33.3,0,4,0.0,0,0,0,1,0,0,1,0,1,11.8,76.5,10.1,66.4,2.18,8
Cheshire Phoenix,"Michael Diggins, Laquincy Rideau, Frankie Policelli, Damiri Lindo, Skyler White","Cheshire Phoenix|2,3,5,9,99",1,4.1,246.0,11,5,9,55.6,1,2,50.0,0,1,0.0,0,0,0,1,0,0,1,0,8,10.4,105.4,77.5,27.8,2.68,3
Newcastle Eagles,"Terrell Burden Jr, Maceo Jack, Cole Long, Deion Hammond, Gus Okafor","Newcastle Eagles|1,14,15,8,99",1,4.1,245.0,11,4,6,66.7,2,3,66.7,1,2,50.0,0,0,0,3,0,0,1,0,12,7.9,139.6,144.2,-4.6,2.69,-1
Manchester Basketball,"Patrick Smith Jr, Jordan Johnson, Oluwaseyi Adetukasi, Matthew Nicholson, Zak Irvin","Manchester Basketball|0,11,22,34,7",3,4.0,240.0,10,3,6,50.0,2,3,66.7,2,2,100.0,0,0,0,1,0,0,3,0,7,9.9,101.2,100.0,1.2,2.5,3
Newcastle Eagles,"Maceo Jack, Cole Long, Marco Anthony, Ray'sean Taylor, Deion Hammond","Newcastle Eagles|14,15,25,3,8",1,4.0,242.0,9,3,6,50.0,1,2,50.0,2,4,50.0,0,0,0,3,0,0,1,0,12,8.8,102.7,171.4,-68.7,2.23,-3
B. Braun Sheffield Sharks,"Dirk Williams, Mike Ochereobia, Nick Kern Jr, Rodney Chatman Iii, William Lee","B. Braun Sheffield Sharks|1,15,24,3,4",3,4.0,243.0,7,3,8,37.5,1,4,25.0,0,2,0.0,0,0,0,3,0,0,1,0,2,9.9,70.9,33.3,37.5,1.73,5
B. Braun Sheffield Sharks,"Mike Ochereobia, Prentiss Nixon, Nick Kern Jr, Rodney Chatman Iii, William Lee","B. Braun Sheffield Sharks|15,2,24,3,4",2,3.9,231.0,9,4,7,57.1,1,3,33.3,0,0,0,0,0,0,2,0,0,0,0,10,7.0,128.6,136.6,-8.0,2.34,-1
Cheshire Phoenix,"Tobias Cameron, Patrick Robinson, Michael Diggins, Laquincy Rideau, Skyler White","Cheshire Phoenix|11,13,2,3,99",1,3.9,233.0,8,3,8,37.5,2,4,50.0,0,0,0,0,0,0,1,0,0,1,0,12,9.0,88.9,142.2,-53.3,2.06,-4
Manchester Basketball,"Patrick Smith Jr, Max Jones, Oluwaseyi Adetukasi, Cody John, Zak Irvin","Manchester Basketball|0,2,22,5,7",1,3.8,229.0,10,4,6,66.7,0,1,0.0,2,2,100.0,0,0,0,1,0,0,0,0,8,6.9,145.3,100.0,45.3,2.62,2
Manchester Basketball,"Patrick Smith Jr, Max Jones, Oluwaseyi Adetukasi, Matthew Nicholson, Zak Irvin","Manchester Basketball|0,2,22,34,7",4,3.8,228.0,6,3,8,37.5,0,5,0.0,0,0,0,0,0,0,0,0,0,0,0,10,8.0,75.0,170.1,-95.1,1.58,-4
Caledonia Gladiators,"Totonitoluwa Fagbenle, Matthew Ragsdale, Andrew Michael Gordon, Ethan Wright, Kyle Jimenez","Caledonia Gladiators|11,24,33,40,6",1,3.7,224.0,7,3,6,50.0,1,3,33.3,0,0,0,0,0,0,0,0,0,1,0,6,7.0,100.0,85.7,14.3,1.88,1
Leicester Riders,"Olutomiwa Sulaiman, Aaron Menzies, Donald Carey Jr, Travis Evee, Flynn Boardman-Raffet","Leicester Riders|10,12,13,3,77",2,3.6,216.0,6,2,6,33.3,0,3,0.0,2,2,100.0,0,0,0,2,0,0,0,0,15,6.9,87.2,125.0,-37.8,1.67,-9
Manchester Basketball,"Jordan Johnson, Kayne Henry, Max Jones, Oluwaseyi Adetukasi, Kaiyem Cleary","Manchester Basketball|11,13,2,22,9",1,3.5,211.0,8,1,3,33.3,1,3,33.3,5,5,100.0,0,0,0,1,0,0,1,0,9,6.2,129.0,97.8,31.2,2.27,-1
Manchester Basketball,"Kyle Carey, Max Jones, Oluwaseyi Adetukasi, Zak Irvin, Kaiyem Cleary","Manchester Basketball|1,2,22,7,9",2,3.4,204.0,5,1,4,25.0,0,1,0.0,3,3,100.0,0,0,0,1,0,0,1,0,11,6.3,79.1,125.6,-46.5,1.47,-6
B. Braun Sheffield Sharks,"Dirk Williams, Mike Ochereobia, Nick Kern Jr, Rodney Chatman Iii, Jordan Ratinho","B. Braun Sheffield Sharks|1,15,24,3,9",2,3.4,201.0,2,0,3,0.0,0,1,0.0,2,3,66.7,0,0,0,0,0,0,5,0,3,9.3,21.5,33.3,-11.9,0.6,-1
B. Braun Sheffield Sharks,"Dirk Williams, Rodney Glasgow Jr, Nick Kern Jr, Rodney Chatman Iii, William Lee","B. Braun Sheffield Sharks|1,11,24,3,4",1,3.4,205.0,11,5,7,71.4,1,1,100.0,0,0,0,0,0,0,3,0,0,0,0,5,7.0,157.1,62.5,94.6,3.22,6
Manchester Basketball,"Patrick Smith Jr, Max Jones, Oluwaseyi Adetukasi, Matthew Nicholson, Kaiyem Cleary","Manchester Basketball|0,2,22,34,9",2,3.4,201.0,5,1,4,25.0,0,1,0.0,3,5,60.0,0,0,0,1,0,0,0,0,9,6.2,80.6,106.6,-26.0,1.49,-4
Cheshire Phoenix,"Tobias Cameron, Patrick Robinson, Michael Diggins, Laquincy Rideau, Frankie Policelli","Cheshire Phoenix|11,13,2,3,5",1,3.4,206.0,12,5,7,71.4,2,3,66.7,0,0,0,0,0,0,1,0,0,1,0,8,8.0,150.0,136.1,13.9,3.5,4
Leicester Riders,"Olutomiwa Sulaiman, Spencer Johnson, Raequan Battle, Travis Evee, Flynn Boardman-Raffet","Leicester Riders|10,20,21,3,77",1,3.2,191.0,4,2,5,40.0,0,2,0.0,0,0,0,0,0,0,1,0,0,1,0,6,6.0,66.7,110.3,-43.6,1.26,-2
B. Braun Sheffield Sharks,"Rodney Glasgow Jr, Mike Ochereobia, Prentiss Nixon, Nick Kern Jr, Jordan Ratinho","B. Braun Sheffield Sharks|11,15,2,24,9",1,3.2,191.0,9,3,8,37.5,2,3,66.7,1,2,50.0,0,0,0,3,0,0,0,0,0,8.9,101.4,0.0,101.4,2.83,9
London Lions,"Johnathan Williams, Chasson Jermar Randle, Aaryndeep Rai, Shavar Reynolds Jr, Mohammad Al-Amin Abdul Adamu","London Lions|13,2,21,33,5",1,3.2,194.0,4,2,5,40.0,0,1,0.0,0,0,0,0,0,0,1,0,0,0,0,6,5.0,80.0,135.1,-55.1,1.24,-2
Caledonia Gladiators,"Kevin Allen, Rian Holland, Charles Jet Speelman, Ethan Wright, Fraser Malcolm","Caledonia Gladiators|0,10,22,40,7",1,3.1,187.0,3,1,7,14.3,0,2,0.0,1,2,50.0,0,0,0,0,0,0,2,0,9,9.9,30.4,101.4,-71.0,0.96,-6
B. Braun Sheffield Sharks,"Prentiss Nixon, Jalen Deloach, Nick Kern Jr, Rodney Chatman Iii, William Lee","B. Braun Sheffield Sharks|2,23,24,3,4",1,3.1,186.0,12,3,7,42.9,2,4,50.0,4,6,66.7,0,0,0,1,0,0,0,0,3,9.6,124.5,42.9,81.6,3.87,9
Manchester Basketball,"Jordan Johnson, Max Jones, Oluwaseyi Adetukasi, Matthew Nicholson, Zak Irvin","Manchester Basketball|11,2,22,34,7",2,3.1,189.0,11,4,8,50.0,1,2,50.0,2,2,100.0,0,0,0,2,0,0,1,0,10,9.9,111.3,138.9,-27.6,3.49,1
Surrey 89ers,"Owen Koonce, Kino Lily Jr, Tayo Ogedengbe, Michael Graham, Ronald Polite Iii","Surrey 89ers|1,12,15,21,7",2,3.1,186.0,5,2,4,50.0,0,1,0.0,1,4,25.0,0,0,0,1,0,0,0,0,8,5.8,86.8,136.1,-49.2,1.61,-3
Surrey 89ers,"Isiah Small, Tyrin Lawrence, Kino Lily Jr, Haydn Ling, Ronald Polite Iii","Surrey 89ers|0,10,12,55,7",2,3.1,186.0,6,2,6,33.3,1,3,33.3,1,2,50.0,0,0,0,3,0,0,1,0,6,7.9,76.1,104.2,-28.0,1.94,0
Cheshire Phoenix,"Patrick Robinson, Michael Diggins, Jaxon Brenchley, Frankie Policelli, Skyler White","Cheshire Phoenix|13,2,23,5,99",2,3.0,183.0,8,3,4,75.0,2,3,66.7,0,2,0.0,0,0,0,1,0,0,1,0,8,5.9,136.1,107.5,28.5,2.62,0
Caledonia Gladiators,"Ria'n Holland, Totonitoluwa Fagbenle, Charles Jet Speelman, Kyle Jimenez, Fraser Malcolm","Caledonia Gladiators|10,11,22,6,7",1,3.0,179.0,4,2,3,66.7,0,0,0,0,1,0.0,0,0,0,0,0,0,1,0,4,4.4,90.1,66.7,23.4,1.34,0
Leicester Riders,"Olutomiwa Sulaiman, Aaron Menzies, Donald Carey Jr, Raequan Battle, Flynn Boardman-Raffet","Leicester Riders|10,12,13,21,77",1,3.0,178.0,7,2,4,50.0,1,2,50.0,2,4,50.0,0,0,0,0,0,0,1,0,6,6.8,103.6,120.0,-16.4,2.36,1
Manchester Basketball,"Kyle Carey, Jordan Johnson, Matthew Nicholson, Zak Irvin, Kaiyem Cleary","Manchester Basketball|1,11,34,7,9",1,3.0,178.0,8,3,4,75.0,2,3,66.7,0,0,0,0,0,0,3,0,0,0,0,10,4.0,200.0,158.2,41.8,2.7,-2
Caledonia Gladiators,"Totonitoluwa Fagbenle, Dwaine Jones Jr, Lloyd Alvin Bryan Jr, Kyle Jimenez, Fraser Malcolm","Caledonia Gladiators|11,5,56,6,7",1,3.0,178.0,10,3,5,60.0,1,1,100.0,3,3,100.0,0,0,0,1,0,0,0,0,8,6.3,158.2,200.0,-41.8,3.37,2
Cheshire Phoenix,"Patrick Robinson, Michael Diggins, Jaxon Brenchley, Frankie Policelli, Damiri Lindo","Cheshire Phoenix|13,2,23,5,9",1,3.0,182.0,15,5,7,71.4,3,4,75.0,2,3,66.7,0,0,0,1,0,0,1,0,9,9.3,160.9,99.1,61.8,4.95,6
Leicester Riders,"Olutomiwa Sulaiman, Donald Carey Jr, Raequan Battle, Travis Evee, Emmanuel Akot","Leicester Riders|10,13,21,3,9",1,2.9,175.0,6,2,4,50.0,2,3,66.7,0,0,0,0,0,0,1,0,0,1,0,3,5.0,120.0,51.0,69.0,2.06,3
Manchester Basketball,"Jordan Johnson, Max Jones, Oluwaseyi Adetukasi, Gabriel Osbuhein, Kaiyem Cleary","Manchester Basketball|11,2,22,3,9",2,2.9,174.0,5,2,3,66.7,1,1,100.0,0,0,0,0,0,0,2,0,0,1,0,5,4.0,125.0,105.0,20.0,1.72,0
London Lions,"Ethan Price, Karolis Lukosiunas, Deane Williams, Shavar Reynolds Jr, Mohammad Al-Amin Abdul Adamu","London Lions|10,16,31,33,5",2,2.9,171.0,8,2,4,50.0,0,1,0.0,4,4,100.0,0,0,0,2,0,0,2,0,4,7.8,103.1,82.0,21.1,2.81,4
Newcastle Eagles,"Terrell Burden Jr, Emmanuel Kanwei, Mitch Clarke, Deion Hammond, Gus Okafor","Newcastle Eagles|1,21,41,8,99",2,2.9,174.0,9,4,5,80.0,1,1,100.0,0,0,0,0,0,0,2,0,0,0,0,4,5.0,180.0,50.0,130.0,3.1,5
Bristol Flyers,"Owen Mccormack, Joseph Anderson, William Yoakum, Darnell Brodie, Cameron Holden","Bristol Flyers|13,22,3,51,7",1,2.9,172.0,3,1,3,33.3,0,2,0.0,1,2,50.0,0,0,0,1,0,0,1,0,5,4.9,61.5,83.3,-21.9,1.05,-2
Bristol Flyers,"Owen Mccormack, Marcus Delpeche, William Yoakum, Zachary Anderson, Cameron Holden","Bristol Flyers|13,21,3,4,7",1,2.9,171.0,6,2,4,50.0,1,2,50.0,1,1,100.0,0,0,0,2,0,0,0,0,2,4.4,135.1,50.0,85.1,2.11,4
Leicester Riders,"Spencer Johnson, Travis Evee, Nathaniel Martin, Flynn Boardman-Raffet, Emmanuel Akot","Leicester Riders|20,3,41,77,9",1,2.8,170.0,4,1,1,100.0,1,1,100.0,1,3,33.3,0,0,0,3,0,0,1,0,6,3.3,120.5,120.0,0.5,1.41,-2
B. Braun Sheffield Sharks,"Dirk Williams, Jalen Deloach, Rodney Chatman Iii, William Lee, Jordan Ratinho","B. Braun Sheffield Sharks|1,23,3,4,9",2,2.8,169.0,6,1,2,50.0,1,1,100.0,3,3,100.0,0,0,0,1,0,0,3,0,8,6.3,94.9,136.1,-41.1,2.13,-2
Leicester Riders,"Olutomiwa Sulaiman, Aaron Menzies, Donald Carey Jr, Spencer Johnson, Travis Evee","Leicester Riders|10,12,13,20,3",1,2.8,167.0,9,2,5,40.0,1,2,50.0,4,4,100.0,0,0,0,1,0,0,0,0,7,6.8,133.1,134.6,-1.5,3.23,2
Caledonia Gladiators,"Ria'n Holland, Charles Jett Speelman, Matthew Ragsdale, Ethan Wright, Lloyd Alvin Bryan Jr","Caledonia Gladiators|10,22,24,40,56",1,2.8,169.0,5,2,5,40.0,0,1,0.0,1,2,50.0,0,0,0,1,0,0,1,0,2,6.9,72.7,40.0,32.7,1.78,3
Manchester Basketball,"Patrick Smith Jr, Jordan Johnson, Oluwaseyi Adetukasi, Gabriel Osabuohien, Zak Irvin","Manchester Basketball|0,11,22,3,7",1,2.7,163.0,4,1,2,50.0,0,1,0.0,2,2,100.0,0,0,0,1,0,0,3,0,5,5.9,68.0,85.0,-17.0,1.47,-1
Bristol Flyers,"Owen Mccormack, Joseph Anderson, Zachary Anderson, Darnell Brodie, Cameron Holden","Bristol Flyers|13,22,4,51,7",1,2.7,160.0,2,0,0,0,0,0,0,2,2,100.0,0,0,0,1,0,0,2,0,8,2.9,69.4,85.1,-15.7,0.75,-6
Cheshire Phoenix,"Tobias Cameron, Patrick Robinson, Michael Diggins, Jaxon Brenchley, Skyler White","Cheshire Phoenix|11,13,2,23,99",1,2.6,157.0,8,3,4,75.0,2,3,66.7,0,0,0,0,0,0,3,0,0,0,0,8,4.0,200.0,160.0,40.0,3.06,0
Caledonia Gladiators,"Kevin Allen, Rian Holland, Charles Jet Speelman, Matthew Ragsdale, Ethan Wright","Caledonia Gladiators|0,10,22,24,40",1,2.6,157.0,2,1,3,33.3,0,1,0.0,0,0,0,0,0,0,1,0,0,2,0,7,5.0,40.0,121.5,-81.5,0.76,-5
Bristol Flyers,"Milos Dugalic, William Yoakum, Zachary Anderson, Darnell Brodie, Jonathan Brown","Bristol Flyers|25,3,4,51,9",2,2.6,158.0,5,1,3,33.3,1,1,100.0,2,2,100.0,0,0,0,1,0,0,1,0,8,4.9,102.5,200.0,-97.5,1.9,-3
B. Braun Sheffield Sharks,"Dirk Williams, Prentiss Nixon, Jalen Deloach, Nick Kern Jr, Jordan Ratinho","B. Braun Sheffield Sharks|1,2,23,24,9",1,2.6,155.0,10,4,5,80.0,2,3,66.7,0,0,0,0,0,0,3,0,0,1,0,4,6.0,166.7,100.0,66.7,3.87,6
Surrey 89ers,"Kareem Queeley, Kino Lily Jr, Tayo Ogedengbe, Michael Graham, Ronald Polite Iii","Surrey 89ers|11,12,15,21,7",1,2.6,156.0,2,1,3,33.3,0,2,0.0,0,0,0,0,0,0,0,0,0,0,0,5,3.0,66.7,166.7,-100.0,0.77,-3
Leicester Riders,"Olutomiwa Sulaiman, Donald Carey Jr, Spencer Johnson, Flynn Boardman-Raffet, Emmanuel Akot","Leicester Riders|10,13,20,77,9",1,2.6,156.0,5,2,2,100.0,1,1,100.0,0,0,0,0,0,0,1,0,0,1,0,2,3.0,166.7,66.7,100.0,1.92,3
B. Braun Sheffield Sharks,"Jalen Deloach, Nick Kern Jr, Rodney Chatman Iii, William Lee, Jordan Ratinho","B. Braun Sheffield Sharks|23,24,3,4,9",1,2.6,155.0,5,2,3,66.7,1,2,50.0,0,0,0,0,0,0,1,0,0,1,0,3,4.0,125.0,77.3,47.7,1.94,2
Newcastle Eagles,"Darius Defoe, Maceo Jack, Ray'sean Taylor, Deion Hammond, Gus Okafor","Newcastle Eagles|13,14,3,8,99",2,2.6,156.0,2,1,5,20.0,0,0,0,0,0,0,0,0,0,1,0,0,0,0,3,5.0,40.0,77.3,-37.3,0.77,-1
Leicester Riders,"Olutomiwa Sulaiman, Marc Loving, Raequan Battle, Travis Evee, Flynn Boardman-Raffet","Leicester Riders|10,2,21,3,77",3,2.6,157.0,4,1,5,20.0,0,2,0.0,2,2,100.0,0,0,0,1,0,0,0,0,8,5.9,68.0,150.4,-82.3,1.53,-4
Leicester Riders,"Aaron Menzies, Donald Carey Jr, Marc Loving, Travis Evee, Flynn Boardman-Raffet","Leicester Riders|12,13,2,3,77",2,2.6,154.0,4,1,1,100.0,0,0,0,2,2,100.0,0,0,0,0,0,0,2,0,7,3.9,103.1,175.0,-71.9,1.56,-3
B. Braun Sheffield Sharks,"Dirk Williams, Mike Ochereobia, Prentiss Nixon, Nick Kern Jr, Jordan Ratinho","B. Braun Sheffield Sharks|1,15,2,24,9",1,2.6,159.0,1,0,4,0.0,0,1,0.0,1,2,50.0,0,0,0,0,0,0,0,0,5,4.9,20.5,125.0,-104.5,0.38,-4
B. Braun Sheffield Sharks,"Dirk Williams, Rodney Glasgow Jr, Mike Ochereobia, William Lee, Jordan Ratinho","B. Braun Sheffield Sharks|1,11,15,4,9",1,2.6,158.0,4,2,5,40.0,0,2,0.0,0,1,0.0,0,0,0,2,0,0,0,0,5,5.4,73.5,71.4,2.1,1.52,-1
Cheshire Phoenix,"Tobias Cameron, Patrick Robinson, Matthew Zona, Frankie Policelli, Damiri Lindo","Cheshire Phoenix|11,13,24,5,9",2,2.5,153.0,3,1,5,20.0,1,3,33.3,0,0,0,0,0,0,1,0,0,0,0,6,5.0,60.0,154.6,-94.6,1.18,-3
Newcastle Eagles,"Terrell Burden Jr, Darius Defoe, Cole Long, Ray'sean Taylor, Deion Hammond","Newcastle Eagles|1,13,15,3,8",1,2.5,153.0,10,4,6,66.7,2,3,66.7,0,0,0,0,0,0,2,0,0,0,0,6,6.0,166.7,126.1,40.6,3.92,4
Newcastle Eagles,"Terrell Burden Jr, Cole Long, Ray'sean Taylor, Deion Hammond, Gus Okafor","Newcastle Eagles|1,15,3,8,99",1,2.5,148.0,0,0,3,0.0,0,1,0.0,0,0,0,0,0,0,2,0,0,0,0,2,3.0,0.0,50.0,-50.0,0.0,-2
Newcastle Eagles,"Terrell Burden Jr, Maceo Jack, Cole Long, Mitch Clarke, Gus Okafor","Newcastle Eagles|1,14,15,41,99",1,2.5,152.0,5,1,2,50.0,1,2,50.0,2,2,100.0,0,0,0,2,0,0,0,0,7,2.9,173.6,101.7,71.9,1.97,-2
B. Braun Sheffield Sharks,"Dirk Williams, Jalen Deloach, Nick Kern Jr, Rodney Chatman Iii, Mervin James","B. Braun Sheffield Sharks|1,23,24,3,5",1,2.5,150.0,4,2,6,33.3,0,0,0,0,2,0.0,0,0,0,1,0,0,1,0,7,7.9,50.8,116.7,-65.9,1.6,-3
Manchester Basketball,"Patrick Smith Jr, Max Jones, Oluwaseyi Adetukasi, Duke Shelton, Kaiyem Cleary","Manchester Basketball|0,2,22,30,9",1,2.5,153.0,7,3,4,75.0,1,2,50.0,0,0,0,0,0,0,1,0,0,1,0,10,5.0,140.0,177.3,-37.3,2.75,-3
B. Braun Sheffield Sharks,"Dirk Williams, Rodney Glasgow Jr, William Lee, Mervin James, Jordan Ratinho","B. Braun Sheffield Sharks|1,11,4,5,9",2,2.4,141.0,10,3,5,60.0,3,4,75.0,1,1,100.0,0,0,0,3,0,0,0,0,2,5.4,183.8,33.3,150.5,4.26,8
Newcastle Eagles,"Maceo Jack, Cole Long, Emmanuel Kanwei, Ray'sean Taylor, Deion Hammond","Newcastle Eagles|14,15,21,3,8",2,2.4,144.0,3,1,4,25.0,1,3,33.3,0,0,0,0,0,0,0,0,0,0,0,4,4.0,75.0,80.0,-5.0,1.25,-1
Leicester Riders,"Olutomiwa Sulaiman, Aaron Menzies, Spencer Johnson, Travis Evee, Flynn Boardman-Raffet","Leicester Riders|10,12,20,3,77",2,2.4,143.0,3,1,2,50.0,1,2,50.0,0,0,0,0,0,0,0,0,0,2,0,1,4.0,75.0,20.5,54.5,1.26,2
Cheshire Phoenix,"Patrick Robinson, Michael Diggins, Laquincy Rideau, Frankie Policelli, Damiri Lindo","Cheshire Phoenix|13,2,3,5,9",1,2.4,143.0,6,1,4,25.0,1,1,100.0,3,4,75.0,0,0,0,2,0,0,1,0,4,6.8,88.8,66.7,22.1,2.52,2
Leicester Riders,"Michael Mitchell Jr, Travis Evee, Nathaniel Martin, Raequan Battle, Emmanuel Akot","Leicester Riders|1,3,41,7,9",1,2.3,139.0,5,1,3,33.3,0,2,0.0,3,3,100.0,0,0,0,0,0,0,1,0,4,5.3,94.0,103.1,-9.1,2.16,1
B. Braun Sheffield Sharks,"Prentiss Nixon, Jalen Deloach, Nick Kern Jr, Rodney Chatman Iii, Mervin James","B. Braun Sheffield Sharks|2,23,24,3,5",1,2.3,136.0,6,3,3,100.0,0,0,0,0,0,0,0,0,0,2,0,0,2,0,14,5.0,120.0,203.5,-83.5,2.65,-8
Leicester Riders,"Marc Loving, Spencer Johnson, Raequan Battle, Travis Evee, Nathaniel Martin","Leicester Riders|2,20,21,3,41",2,2.2,131.0,8,2,4,50.0,1,3,33.3,3,3,100.0,0,0,0,0,0,0,0,0,2,5.3,150.4,66.7,83.7,3.66,6
Caledonia Gladiators,"Ria'n Holland, Charles Jet Speelman, Matthew Ragsdale, Andrew Michael Gordon, Fraser Malcolm","Caledonia Gladiators|10,22,24,38,7",1,2.2,135.0,2,1,3,33.3,0,2,0.0,0,0,0,0,0,0,1,0,0,1,0,9,4.0,50.0,133.1,-83.1,0.89,-7
Manchester Basketball,"Patrick Smith Jr, Jordan Johnson, Kayne Henry, Oluwaseyi Adetukasi, Gabriel Osbuhein","Manchester Basketball|0,11,13,22,3",1,2.2,130.0,6,3,4,75.0,0,0,0,0,0,0,0,0,0,1,0,0,0,0,2,4.0,150.0,50.0,100.0,2.77,4
Surrey 89ers,"Kino Lily Jr, Tayo Ogedengbe, Nedas Cholevinskas, Michael Graham, Andrew Lawrence","Surrey 89ers|12,15,17,21,4",1,2.2,130.0,2,1,7,14.3,0,2,0.0,0,0,0,0,0,0,1,0,0,0,0,9,7.0,28.6,225.0,-196.4,0.92,-7
Bristol Flyers,"Owen Mccormack, William Yoakum, Zachary Anderson, Cameron Holden, Jonathan Brown","Bristol Flyers|13,3,4,7,9",1,2.2,134.0,5,1,2,50.0,0,0,0,3,4,75.0,0,0,0,1,0,0,0,0,4,3.8,133.0,58.1,74.8,2.24,1
London Lions,"Ethan Price, Chaundee Brown Jr, Deane Williams, Shavar Reynolds Jr, Mohammad Al-Amin Abdul Adamu","London Lions|10,15,31,33,5",1,2.2,134.0,3,1,2,50.0,0,1,0.0,1,1,100.0,0,0,0,2,0,0,0,0,3,2.4,123.0,104.2,18.8,1.34,0
Newcastle Eagles,"Maceo Jack, Cole Long, Mitch Clarke, Deion Hammond, Sauveur Kande","Newcastle Eagles|14,15,41,8,9",1,2.2,132.0,5,2,5,40.0,1,2,50.0,0,0,0,0,0,0,0,0,0,0,0,2,5.0,100.0,50.0,50.0,2.27,3
B. Braun Sheffield Sharks,"Dirk Williams, Prentiss Nixon, Jalen Deloach, Rodney Chatman Iii, William Lee","B. Braun Sheffield Sharks|1,2,23,3,4",1,2.2,132.0,2,1,3,33.3,0,0,0,0,0,0,0,0,0,1,0,0,1,0,5,4.0,50.0,100.0,-50.0,0.91,-3
Cheshire Phoenix,"Tobias Cameron, Patrick Robinson, Jaxon Brenchley, Frankie Policelli, Skyler White","Cheshire Phoenix|11,13,23,5,99",2,2.1,126.0,4,2,6,33.3,0,3,0.0,0,0,0,0,0,0,1,0,0,0,0,10,6.0,66.7,177.3,-110.6,1.9,-6
Caledonia Gladiators,"Kevin Allen, Ria'n Holland, Matthew Ragsdale, Ethan Wright, Fraser Malcolm","Caledonia Gladiators|0,10,24,40,7",1,2.1,128.0,1,0,3,0.0,0,2,0.0,1,1,100.0,0,0,0,2,0,0,1,0,5,4.4,22.5,83.3,-60.8,0.47,-4
Newcastle Eagles,"Darius Defoe, Maceo Jack, Mitch Clarke, Deion Hammond, Gus Okafor","Newcastle Eagles|13,14,41,8,99",2,2.1,124.0,4,1,2,50.0,1,1,100.0,1,2,50.0,0,0,0,1,0,0,2,0,5,4.9,82.0,166.7,-84.7,1.94,-1
Bristol Flyers,"Owen Mccormack, Joseph Anderson, Zachary Anderson, Cameron Holden, Jonathan Brown","Bristol Flyers|13,22,4,7,9",2,2.1,125.0,5,2,4,50.0,0,2,0.0,1,2,50.0,0,0,0,1,0,0,0,0,6,4.9,102.5,88.8,13.7,2.4,-1
Newcastle Eagles,"Terrell Burden Jr, Maceo Jack, Cole Long, Ray'sean Taylor, Gus Okafor","Newcastle Eagles|1,14,15,3,99",2,2.1,124.0,4,2,5,40.0,0,3,0.0,0,0,0,0,0,0,1,0,0,0,0,4,5.0,80.0,80.0,0.0,1.94,0
B. Braun Sheffield Sharks,"Dirk Williams, Prentiss Nixon, Jalen Deloach, Mervin James, Jordan Ratinho","B. Braun Sheffield Sharks|1,2,23,5,9",1,2.1,129.0,2,0,1,0.0,0,0,0,2,2,100.0,0,0,0,0,0,0,1,0,5,2.9,69.4,125.0,-55.6,0.93,-3
Surrey 89ers,"Isiah Small, Tyrin Lawrence, Kino Lily Jr, Timothy Nwankwo, Ronald Polite Iii","Surrey 89ers|0,10,12,19,7",1,2.1,125.0,5,2,4,50.0,0,1,0.0,1,2,50.0,0,0,0,1,0,0,0,0,2,4.9,102.5,66.7,35.8,2.4,3
Manchester Basketball,"Jordan Johnson, Max Jones, Duke Shelton, Judson Martindale, Zak Irvin","Manchester Basketball|11,2,30,33,7",1,2.1,129.0,10,4,8,50.0,2,2,100.0,0,0,0,0,0,0,2,0,0,0,0,4,8.0,125.0,100.0,25.0,4.65,6
Leicester Riders,"Duke Shelton, Spencer Johnson, Travis Evee, Flynn Boardman-Raffet, Emmanuel Akot","Leicester Riders|2,20,3,77,9",1,2.0,118.0,0,0,5,0.0,0,1,0.0,0,0,0,0,0,0,0,0,0,0,0,8,5.0,0.0,106.4,-106.4,0.0,-8
Bristol Flyers,"Owen Mccormack, Marcus Delpeche, William Yoakum, Cameron Holden, Jonathan Brown","Bristol Flyers|13,21,3,7,9",1,2.0,122.0,3,1,3,33.3,1,2,50.0,0,0,0,0,0,0,1,0,0,0,0,2,3.0,100.0,66.7,33.3,1.48,1
Leicester Riders,"Olutomiwa Sulaiman, Donald Carey Jr, Spencer Johnson, Raequan Battle, Emmanuel Akot","Leicester Riders|10,13,20,21,9",1,2.0,123.0,8,3,5,60.0,1,3,33.3,1,1,100.0,0,0,0,2,0,0,0,0,3,5.4,147.1,75.0,72.1,3.9,5
Surrey 89ers,"Isiah Small, Kareem Queeley, Kino Lily Jr, Nedas Cholevinskas, Michael Graham","Surrey 89ers|0,11,12,17,21",1,2.0,121.0,5,2,2,100.0,1,1,100.0,0,0,0,0,0,0,1,0,0,1,0,7,3.0,166.7,143.4,23.2,2.48,-2
Bristol Flyers,"Marcus Delpeche, Joseph Anderson, Zachary Anderson, Cameron Holden, Jonathan Brown","Bristol Flyers|21,22,4,7,9",2,2.0,123.0,7,2,5,40.0,0,0,0,3,4,75.0,0,0,0,1,0,0,2,0,4,8.8,79.9,163.9,-84.0,3.41,3
Leicester Riders,"Olutomiwa Sulaiman, Donald Carey Jr, Spencer Johnson, Raequan Battle, Nathaniel Martin","Leicester Riders|10,13,20,21,41",1,2.0,123.0,3,1,3,33.3,0,2,0.0,1,3,33.3,0,0,0,0,0,0,1,0,6,5.3,56.4,200.0,-143.6,1.46,-3
Leicester Riders,"Olutomiwa Sulaiman, Donald Carey Jr, Raequan Battle, Nathaniel Martin, Flynn Boardman-Raffet","Leicester Riders|10,13,21,41,77",1,2.0,122.0,7,2,3,66.7,2,3,66.7,1,2,50.0,0,0,0,3,0,0,0,0,5,3.9,180.4,166.7,13.7,3.44,2
London Lions,"Ethan Price, Chasson Jermar Randle, Ciaran Sandy, Mohammad Al-Amin Abdul Adamu, Matthew Goodwin","London Lions|10,2,3,5,55",1,2.0,121.0,2,1,4,25.0,0,2,0.0,0,0,0,0,0,0,0,0,0,0,0,6,4.0,50.0,126.1,-76.1,0.99,-4
Manchester Basketball,"Patrick Smith Jr, Max Jones, Matthew Nicholson, Zak Irvin, Kaiyem Cleary","Manchester Basketball|0,2,34,7,9",2,1.9,115.0,5,2,4,50.0,0,0,0,1,1,100.0,0,0,0,1,0,0,0,0,8,4.4,112.6,163.9,-51.3,2.61,-3
Caledonia Gladiators,"Ria'n Holland, Totonitoluwa Fagbenle, Daylen Williams, Matthew Ragsdale, Ethan Wright","Caledonia Gladiators|10,11,15,24,40",1,1.9,115.0,2,1,3,33.3,0,1,0.0,0,0,0,0,0,0,0,0,0,0,0,3,3.0,66.7,100.0,-33.3,1.04,-1
Surrey 89ers,"Isiah Small, Kareem Queeley, Kino Lily Jr, Tayo Ogedengbe, Ronald Polite Iii","Surrey 89ers|0,11,12,15,7",2,1.9,114.0,4,1,3,33.3,0,2,0.0,2,2,100.0,0,0,0,1,0,0,0,0,7,3.9,103.1,119.0,-16.0,2.11,-3
B. Braun Sheffield Sharks,"Rodney Glasgow Jr, Prentiss Nixon, Jalen Deloach, Rodney Chatman Iii, William Lee","B. Braun Sheffield Sharks|11,2,23,3,4",1,1.9,116.0,1,0,1,0.0,0,1,0.0,1,2,50.0,0,0,0,1,0,0,1,0,4,2.9,34.7,212.8,-178.0,0.52,-3
Cheshire Phoenix,"Greg Wild, Tobias Cameron, Jaxon Brenchley, Matthew Zona, Damiri Lindo","Cheshire Phoenix|1,11,23,24,9",1,1.9,114.0,6,2,3,66.7,0,1,0.0,2,2,100.0,0,0,0,1,0,0,1,0,4,4.9,123.0,66.7,56.3,3.16,2
B. Braun Sheffield Sharks,"Rodney Glasgow Jr, Mike Ochereobia, Rodney Chatman Iii, Mervin James, Jordan Ratinho","B. Braun Sheffield Sharks|11,15,3,5,9",1,1.9,116.0,4,2,5,40.0,0,0,0,0,0,0,0,0,0,0,0,0,0,0,7,5.0,80.0,186.2,-106.2,2.07,-3
Leicester Riders,"Olutomiwa Sulaiman, Aaron Menzies, Spencer Johnson, Raequan Battle, Travis Evee","Leicester Riders|10,12,20,21,3",1,1.9,117.0,3,1,6,16.7,0,3,0.0,1,1,100.0,0,0,0,1,0,0,0,0,0,6.4,46.6,0.0,46.6,1.54,3
Caledonia Gladiators,"Charles Jett Speelman, Ethan Wright, Dwaine Jones Jr, Lloyd Alvin Bryan Jr, Fraser Malcolm","Caledonia Gladiators|22,40,5,56,7",1,1.9,111.0,7,2,4,50.0,1,2,50.0,2,2,100.0,0,0,0,2,0,0,0,0,0,4.9,143.4,0.0,143.4,3.78,7
London Lions,"Ethan Price, Chasson Jermar Randle, Aaryndeep Rai, Tarik Phillip, Deane Williams","London Lions|10,2,21,22,31",1,1.9,112.0,10,2,5,40.0,1,3,33.3,5,8,62.5,0,0,0,2,0,0,1,0,5,9.5,105.0,77.6,27.4,5.36,5
Leicester Riders,"Michael Mitchell Jr, Olutomiwa Sulaiman, Raequan Battle, Flynn Boardman-Raffet, Emmanuel Akot","Leicester Riders|1,10,7,77,9",1,1.8,110.0,7,2,2,100.0,0,0,0,3,3,100.0,0,0,0,2,0,0,1,0,2,4.3,162.0,40.0,122.0,3.82,5
Cheshire Phoenix,"Patrick Robinson, Michael Diggins, Matthew Zona, Frankie Policelli, Damiri Lindo","Cheshire Phoenix|13,2,24,5,9",1,1.8,105.0,5,2,4,50.0,1,1,100.0,0,0,0,0,0,0,0,0,0,0,0,0,4.0,125.0,0.0,125.0,2.86,5
Surrey 89ers,"Isiah Small, Kino Lily Jr, Tayo Ogedengbe, Haydn Ling, Ronald Polite Iii","Surrey 89ers|0,12,15,55,7",1,1.8,106.0,5,1,2,50.0,1,1,100.0,2,2,100.0,0,0,0,0,0,0,2,0,2,4.9,102.5,50.0,52.5,2.83,3
Bristol Flyers,"Marcus Delpeche, Joseph Anderson, Milos Dugalic, Zachary Anderson, Cameron Holden","Bristol Flyers|21,22,25,4,7",1,1.8,106.0,2,1,4,25.0,0,0,0,0,0,0,0,0,0,1,0,0,0,0,5,4.0,50.0,102.5,-52.5,1.13,-3
Manchester Basketball,"Patrick Smith Jr, Jordan Johnson, Oluwaseyi Adetukasi, Matthew Nicholson, Kaiyem Cleary","Manchester Basketball|0,11,22,34,9",3,1.8,107.0,4,2,3,66.7,0,0,0,0,0,0,0,0,0,2,0,0,0,0,8,3.0,133.3,232.6,-99.2,2.24,-4
B. Braun Sheffield Sharks,"Dirk Williams, Prentiss Nixon, Jalen Deloach, Nick Kern Jr, William Lee","B. Braun Sheffield Sharks|1,2,23,24,4",1,1.8,105.0,2,1,2,50.0,0,1,0.0,0,0,0,0,0,0,1,0,0,1,0,6,3.0,66.7,200.0,-133.3,1.14,-4
Surrey 89ers,"Tayo Ogedengbe, Nedas Cholevinskas, Michael Graham, Tyrin Lawrence, Ronald Polite Iii","Surrey 89ers|15,17,21,33,7",1,1.8,109.0,7,2,2,100.0,1,1,100.0,2,2,100.0,0,0,0,1,0,0,0,0,4,2.9,243.1,82.0,161.1,3.85,3
Surrey 89ers,"Owen Koonce, Kino Lily Jr, Timothy Nwanko, Haydn Ling, Ronald Polite Iii","Surrey 89ers|1,12,19,55,7",1,1.8,109.0,4,2,2,100.0,0,0,0,0,0,0,0,0,0,2,0,0,1,0,2,3.0,133.3,50.0,83.3,2.2,2
Leicester Riders,"Michael Mitchell Jr, Spencer Johnson, Travis Evee, Nathaniel Martin, Emmanuel Akot","Leicester Riders|1,20,3,41,9",1,1.7,103.0,3,1,3,33.3,1,3,33.3,0,0,0,0,0,0,1,0,0,1,0,6,4.0,75.0,138.9,-63.9,1.75,-3
London Lions,"Jonathan Williams, Karolis Lukosiunas, Kameron Mcgusty, Deane Williams, Mohammad Al-Amin Abdul Adamu","London Lions|13,16,23,31,5",1,1.7,101.0,3,0,2,0.0,0,1,0.0,3,4,75.0,0,0,0,1,0,0,1,0,0,4.8,63.0,0.0,63.0,1.78,3
Newcastle Eagles,"Maceo Jack, Brett Reed, Marco Anthony, Ray'sean Taylor, Mitch Clarke","Newcastle Eagles|14,24,25,3,41",1,1.7,101.0,5,2,2,100.0,1,1,100.0,0,0,0,0,0,0,1,0,0,2,0,3,4.0,125.0,104.2,20.8,2.97,2
Leicester Riders,"Olutomiwa Sulaiman, Donald Carey Jr, Raequan Battle, Travis Evee, Nathaniel Martin","Leicester Riders|10,13,21,3,41",1,1.7,103.0,0,0,3,0.0,0,1,0.0,0,1,0.0,0,0,0,0,0,0,0,0,5,3.4,0.0,166.7,-166.7,0.0,-5
London Lions,"Ethan Price, Aaryndeep Rai, Deane Williams, Shavar Reynolds Jr, Mohammad Al-Amin Abdul Adamu","London Lions|10,21,31,33,5",1,1.7,101.0,5,2,3,66.7,1,2,50.0,0,0,0,0,0,0,1,0,0,0,0,2,3.0,166.7,69.4,97.2,2.97,3
Newcastle Eagles,"Terrell Burden Jr, Cole Long, Mitch Clarke, Deion Hammond, Gus Okafor","Newcastle Eagles|1,15,41,8,99",2,1.7,104.0,1,0,2,0.0,0,0,0,1,2,50.0,0,0,0,0,0,0,1,0,5,3.9,25.8,166.7,-140.9,0.58,-4
Bristol Flyers,"Marcus Delpeche, Joseph Anderson, Zachary Anderson, Evan Walshe, Jonathan Brown","Bristol Flyers|21,22,4,77,9",1,1.7,104.0,2,1,3,33.3,0,1,0.0,0,0,0,0,0,0,0,0,0,0,0,0,3.0,66.7,0.0,66.7,1.15,2
London Lions,"Ethan Price, Chasson Jermar Randle, Aaryndeep Rai, Deane Williams, Shavar Reynolds Jr","London Lions|10,2,21,31,33",1,1.7,102.0,2,1,3,33.3,0,0,0,0,0,0,0,0,0,0,0,0,0,0,4,3.0,66.7,138.9,-72.2,1.18,-2
London Lions,"Johnathan Williams, Tarik Phillip, Deane Williams, Mohammad Al-Amin Abdul Adamu, Matthew Goodwin","London Lions|13,22,31,5,55",1,1.7,101.0,3,1,2,50.0,0,1,0.0,1,1,100.0,0,0,0,0,0,0,0,0,0,2.4,123.0,0.0,123.0,1.78,3
Leicester Riders,"Michael Mitchell Jr, Olutomiwa Sulaiman, Duke Shelton, Travis Evee, Raequan Battle","Leicester Riders|1,10,2,3,7",1,1.6,96.0,0,0,3,0.0,0,0,0,0,0,0,0,0,0,0,0,0,0,0,4,3.0,0.0,100.0,-100.0,0.0,-4
Cheshire Phoenix,"Patrick Robinson, Michael Diggins, Frankie Policelli, Damiri Lindo, Skyler White","Cheshire Phoenix|13,2,5,9,99",2,1.6,96.0,2,1,3,33.3,0,1,0.0,0,0,0,0,0,0,0,0,0,2,0,8,5.0,40.0,212.8,-172.8,1.25,-6
Bristol Flyers,"Owen Mccormack, Marcus Delpeche, Joseph Anderson, Milos Dugalic, William Yoakum","Bristol Flyers|13,21,22,25,3",1,1.6,99.0,2,1,2,50.0,0,1,0.0,0,0,0,0,0,0,1,0,0,1,0,5,3.0,66.7,128.9,-62.2,1.21,-3
Surrey 89ers,"Isiah Small, Kareem Queeley, Kino Lily Jr, Haydn Ling, Ronald Polite Iii","Surrey 89ers|0,11,12,55,7",1,1.6,93.0,4,1,2,50.0,0,1,0.0,2,2,100.0,0,0,0,0,0,0,0,0,0,2.9,138.9,0.0,138.9,2.58,4
B. Braun Sheffield Sharks,"Dirk Williams, Jalen Deloach, Nick Kern Jr, Rodney Chatman Iii, William Lee","B. Braun Sheffield Sharks|1,23,24,3,4",1,1.6,94.0,1,0,0,0,0,0,0,1,1,100.0,0,0,0,1,0,0,1,0,5,1.4,69.4,125.0,-55.6,0.64,-4
Newcastle Eagles,"Maceo Jack, Marco Anthony, Ray'sean Taylor, Deion Hammond, Gus Okafor","Newcastle Eagles|14,25,3,8,99",1,1.6,98.0,1,0,1,0.0,0,0,0,1,2,50.0,0,0,0,0,0,0,1,0,4,2.9,34.7,133.3,-98.6,0.61,-3
Leicester Riders,"Donald Carey Jr, Spencer Johnson, Raequan Battle, Victor Ndoukou, Emmanuel Akot","Leicester Riders|13,20,21,25,9",1,1.6,99.0,3,1,2,50.0,1,1,100.0,0,0,0,0,0,0,0,0,0,1,0,3,3.0,100.0,60.0,40.0,1.82,0
B. Braun Sheffield Sharks,"Rodney Glasgow Jr, Jalen Deloach, Nick Kern Jr, William Lee, Jordan Ratinho","B. Braun Sheffield Sharks|11,23,24,4,9",1,1.6,97.0,6,1,1,100.0,1,1,100.0,3,3,100.0,0,0,0,0,0,0,0,0,0,2.3,258.6,0.0,258.6,3.71,6
Manchester Basketball,"Jordan Johnson, Kayne Henry, Oluwaseyi Adetukasi, Gabriel Osbuhein, Kaiyem Cleary","Manchester Basketball|11,13,22,3,9",1,1.6,96.0,6,2,3,66.7,2,3,66.7,0,0,0,0,0,0,0,0,0,1,0,3,4.0,150.0,75.0,75.0,3.75,3
B. Braun Sheffield Sharks,"Dirk Williams, Rodney Glasgow Jr, Mike Ochereobia, Nick Kern Jr, Jordan Ratinho","B. Braun Sheffield Sharks|1,11,15,24,9",3,1.5,92.0,3,1,1,100.0,0,0,0,1,1,100.0,0,0,0,0,0,0,1,0,1,2.4,123.0,69.4,53.5,1.96,2
Bristol Flyers,"Owen Mccormack, Joseph Anderson, William Yoakum, Zachary Anderson, Darnell Brodie","Bristol Flyers|13,22,3,4,51",2,1.5,92.0,3,1,2,50.0,1,2,50.0,0,0,0,0,0,0,1,0,0,0,0,6,2.0,150.0,123.0,27.0,1.96,-3
Surrey 89ers,"Tyrin Lawrence, Kino Lily Jr, Tayo Ogedengbe, Haydn Ling, Ronald Polite Iii","Surrey 89ers|10,12,15,55,7",1,1.5,90.0,4,2,2,100.0,0,0,0,0,0,0,0,0,0,1,0,0,0,0,2,2.0,200.0,51.5,148.5,2.67,2
Cheshire Phoenix,"Tobias Cameron, Patrick Robinson, Jaxon Brenchley, Matthew Zona, Frankie Policelli","Cheshire Phoenix|11,13,23,24,5",1,1.4,84.0,0,0,1,0.0,0,1,0.0,0,0,0,0,0,0,0,0,0,2,0,5,3.0,0.0,166.7,-166.7,0.0,-5
B. Braun Sheffield Sharks,"Dirk Williams, Prentiss Nixon, Jalen Deloach, Rodney Chatman Iii, Jordan Ratinho","B. Braun Sheffield Sharks|1,2,23,3,9",2,1.4,87.0,0,0,1,0.0,0,1,0.0,0,0,0,0,0,0,0,0,0,2,0,0,3.0,0.0,0.0,0.0,0.0,0
Caledonia Gladiators,"Ria'n Holland, Daniel Carr, Matthew Ragsdale, Kyle Jimenez, Fraser Malcolm","Caledonia Gladiators|10,14,24,6,7",1,1.4,87.0,2,1,2,50.0,0,1,0.0,0,0,0,0,0,0,0,0,0,0,0,3,2.0,100.0,150.0,-50.0,1.38,-1
Caledonia Gladiators,"Kevin Allen, Ria'n Holland, Totonitoluwa Fagbenle, Matthew Ragsdale, Ethan Wright","Caledonia Gladiators|0,10,11,24,40",1,1.4,85.0,0,0,1,0.0,0,1,0.0,0,0,0,0,0,0,0,0,0,0,0,8,1.0,0.0,200.0,-200.0,0.0,-8
B. Braun Sheffield Sharks,"Dirk Williams, Nick Kern Jr, Rodney Chatman Iii, William Lee, Jordan Ratinho","B. Braun Sheffield Sharks|1,24,3,4,9",2,1.4,81.0,8,1,2,50.0,0,1,0.0,6,8,75.0,0,0,0,1,0,0,0,0,5,5.5,144.9,100.0,44.9,5.93,3
Leicester Riders,"Donald Carey Jr, Marc Loving, Raequan Battle, Nathaniel Martin, Flynn Boardman-Raffet","Leicester Riders|13,2,21,41,77",2,1.4,82.0,2,1,3,33.3,0,1,0.0,0,0,0,0,0,0,0,0,0,0,0,2,3.0,66.7,66.7,0.0,1.46,0
Surrey 89ers,"Isiah Small, Tyrin Lawrence, Kino Lily Jr, Andrew Lawrence, Haydn Ling","Surrey 89ers|0,10,12,4,55",1,1.4,87.0,6,2,3,66.7,2,3,66.7,0,0,0,0,0,0,2,0,0,0,0,3,3.0,200.0,100.0,100.0,4.14,3
Cheshire Phoenix,"Tobias Cameron, Patrick Robinson, Michael Diggins, Jaxon Brenchley, Laquincy Rideau","Cheshire Phoenix|11,13,2,23,3",1,1.4,84.0,2,1,2,50.0,0,0,0,0,0,0,0,0,0,0,0,0,1,0,0,3.0,66.7,0.0,66.7,1.43,2
Bristol Flyers,"Cameron Christon, Owen Mccormack, Marcus Delpeche, Cameron Holden, Jonathan Brown","Bristol Flyers|1,13,21,7,9",1,1.4,87.0,3,1,2,50.0,1,1,100.0,0,0,0,0,0,0,1,0,0,0,0,1,2.0,150.0,34.7,115.3,2.07,2
Caledonia Gladiators,"Kevin Allen, Rian Holland, Daylen Williams, Ethan Wright, Fraser Malcolm","Caledonia Gladiators|0,10,15,40,7",1,1.3,76.0,0,0,1,0.0,0,0,0,0,0,0,0,0,0,0,0,0,1,0,2,2.0,0.0,66.7,-66.7,0.0,-2
Caledonia Gladiators,"Rian Holland, Daylen Williams, Charles Jet Speelman, Ethan Wright, Fraser Malcolm","Caledonia Gladiators|10,15,22,40,7",1,1.3,78.0,1,0,2,0.0,0,0,0,1,2,50.0,0,0,0,0,0,0,0,0,2,2.9,34.7,100.0,-65.3,0.77,-1
Bristol Flyers,"Owen Mccormack, Marcus Delpeche, Joseph Anderson, Zachary Anderson, Cameron Holden","Bristol Flyers|13,21,22,4,7",1,1.3,78.0,2,1,3,33.3,0,2,0.0,0,0,0,0,0,0,1,0,0,0,0,0,3.0,66.7,0.0,66.7,1.54,2
Manchester Basketball,"Patrick Smith Jr, Kyle Carey, Max Jones, Duke Shelton, Zak Irvin","Manchester Basketball|0,1,2,30,7",1,1.3,79.0,4,0,1,0.0,0,0,0,4,4,100.0,0,0,0,0,0,0,0,0,2,2.8,144.9,69.4,75.5,3.04,2
Leicester Riders,"Olutomiwa Sulaiman, Spencer Johnson, Raequan Battle, Travis Evee, Nathaniel Martin","Leicester Riders|10,20,21,3,41",1,1.3,77.0,4,2,2,100.0,0,0,0,0,0,0,0,0,0,0,0,0,0,0,2,2.0,200.0,106.4,93.6,3.12,2
Leicester Riders,"Aaron Menzies, Marc Loving, Spencer Johnson, Travis Evee, Flynn Boardman-Raffet","Leicester Riders|12,2,20,3,77",1,1.3,79.0,4,2,4,50.0,0,2,0.0,0,0,0,0,0,0,2,0,0,0,0,4,4.0,100.0,133.3,-33.3,3.04,0
London Lions,"Ethan Price, Karolis Lukosiunas, Chasson Jermar Randle, Aaryndeep Rai, Tarik Phillip","London Lions|10,16,2,21,22",1,1.3,80.0,2,1,1,100.0,0,0,0,0,0,0,0,0,0,0,0,0,2,0,0,3.0,66.7,0.0,66.7,1.5,2
Newcastle Eagles,"Maceo Jack, Cole Long, Marco Anthony, Mitch Clarke, Malcolm Smith","Newcastle Eagles|14,15,25,41,45",1,1.2,73.0,0,0,1,0.0,0,0,0,0,0,0,0,0,0,0,0,0,0,0,2,1.0,0.0,69.4,-69.4,0.0,-2
Caledonia Gladiators,"Kevin Allen, Ria'n Holland, Charles Jet Speelman, Matthew Ragsdale, Kyle Jimenez","Caledonia Gladiators|0,10,22,24,6",1,1.2,74.0,4,2,2,100.0,0,0,0,0,0,0,0,0,0,0,0,0,0,0,0,2.0,200.0,0.0,200.0,3.24,4
Caledonia Gladiators,"Kevin Allen, Charles Jet Speelman, Matthew Ragsdale, Kyle Jimenez, Fraser Malcolm","Caledonia Gladiators|0,22,24,6,7",1,1.2,75.0,0,0,3,0.0,0,1,0.0,0,0,0,0,0,0,0,0,0,1,0,3,4.0,0.0,208.3,-208.3,0.0,-3
Caledonia Gladiators,"Ria'n Holland, Totonitoluwa Fagbenle, Daniel Carr, Daylen Williams, Matthew Ragsdale","Caledonia Gladiators|10,11,14,15,24",1,1.2,75.0,0,0,1,0.0,0,0,0,0,0,0,0,0,0,0,0,0,0,0,0,1.0,0.0,0.0,0.0,0.0,0
B. Braun Sheffield Sharks,"Dirk Williams, Rodney Glasgow Jr, Jalen Deloach, Rodney Chatman Iii, Jordan Ratinho","B. Braun Sheffield Sharks|1,11,23,3,9",1,1.2,70.0,8,2,2,100.0,2,2,100.0,2,2,100.0,0,0,0,1,0,0,0,0,2,2.9,277.8,100.0,177.8,6.86,6
Caledonia Gladiators,"Kevin Allen, Ria'n Holland, Matthew Ragsdale, Kyle Jimenez, Fraser Malcolm","Caledonia Gladiators|0,10,24,6,7",1,1.2,72.0,1,0,1,0.0,0,0,0,1,2,50.0,0,0,0,0,0,0,0,0,4,1.9,53.2,120.5,-67.3,0.83,-3
Caledonia Gladiators,"Kevin Allen, Matthew Ragsdale, Ethan Wright, Kyle Jimenez, Fraser Malcolm","Caledonia Gladiators|0,24,40,6,7",1,1.2,70.0,0,0,3,0.0,0,3,0.0,0,0,0,0,0,0,0,0,0,0,0,3,3.0,0.0,227.3,-227.3,0.0,-3
B. Braun Sheffield Sharks,"Dirk Williams, Rodney Glasgow Jr, Mike Ochereobia, Nick Kern Jr, William Lee","B. Braun Sheffield Sharks|1,11,15,24,4",1,1.2,72.0,2,1,1,100.0,0,0,0,0,0,0,0,0,0,0,0,0,0,0,2,1.0,200.0,66.7,133.3,1.67,0
Caledonia Gladiators,"Ria'n Holland, Daniel Carr, Charles Jet Speelman, Kyle Jimenez, Fraser Malcolm","Caledonia Gladiators|10,14,22,6,7",1,1.2,75.0,2,1,2,50.0,0,0,0,0,0,0,0,0,0,1,0,0,0,0,5,2.0,100.0,166.7,-66.7,1.6,-3
Bristol Flyers,"Owen Mccormack, Marcus Delpeche, Joseph Anderson, Milos Dugalic, Cameron Holden","Bristol Flyers|13,21,22,25,7",1,1.2,74.0,0,0,1,0.0,0,0,0,0,0,0,0,0,0,1,0,0,0,0,2,1.0,0.0,66.7,-66.7,0.0,-2
Manchester Basketball,"Kyle Carey, Jordan Johnson, Max Jones, Duke Shelton, Zak Irvin","Manchester Basketball|1,11,2,30,7",1,1.2,71.0,0,0,2,0.0,0,1,0.0,0,0,0,0,0,0,0,0,0,0,0,0,2.0,0.0,0.0,0.0,0.0,0
Leicester Riders,"Marc Loving, Raequan Battle, Travis Evee, Nathaniel Martin, Flynn Boardman-Raffet","Leicester Riders|2,21,3,41,77",1,1.2,72.0,0,0,1,0.0,0,0,0,0,0,0,0,0,0,0,0,0,1,0,2,2.0,0.0,100.0,-100.0,0.0,-2
Surrey 89ers,"Isiah Small, Tyrin Lawrence, Kino Lily Jr, Tayo Ogedengbe, Ronald Polite Iii","Surrey 89ers|0,10,12,15,7",1,1.2,73.0,3,1,2,50.0,1,2,50.0,0,0,0,0,0,0,2,0,0,0,0,2,2.0,150.0,100.0,50.0,2.47,1
Leicester Riders,"Aaron Menzies, Marc Loving, Raequan Battle, Travis Evee, Flynn Boardman-Raffet","Leicester Riders|12,2,21,3,77",1,1.2,70.0,2,0,0,0,0,0,0,2,2,100.0,0,0,0,1,0,0,1,0,5,1.9,106.4,166.7,-60.3,1.71,-3
Leicester Riders,"Olutomiwa Sulaiman, Donald Carey Jr, Marc Loving, Raequan Battle, Travis Evee","Leicester Riders|10,13,2,21,3",1,1.2,72.0,5,2,3,66.7,0,0,0,1,1,100.0,0,0,0,1,0,0,1,0,0,4.4,112.6,0.0,112.6,4.17,5
Bristol Flyers,"Cameron Christon, Owen Mccormack, Darnell Brodie, Cameron Holden, Jonathan Brown","Bristol Flyers|1,13,51,7,9",1,1.2,72.0,2,1,1,100.0,0,0,0,0,0,0,0,0,0,1,0,0,1,0,0,2.0,100.0,0.0,100.0,1.67,2
Manchester Basketball,"Kyle Carey, Max Jones, Oluwaseyi Adetukasi, Gabriel Osabuohien, Kaiyem Cleary","Manchester Basketball|1,2,22,3,9",1,1.2,75.0,3,1,3,33.3,1,2,50.0,0,0,0,0,0,0,1,0,0,1,0,1,4.0,75.0,53.2,21.8,2.4,2
Cheshire Phoenix,"Patrick Robinson, Laquincy Rideau, Frankie Policelli, Damiri Lindo, Skyler White","Cheshire Phoenix|13,3,5,9,99",1,1.2,72.0,2,1,5,20.0,0,2,0.0,0,0,0,0,0,0,0,0,0,0,0,7,5.0,40.0,286.9,-246.9,1.67,-5
Manchester Basketball,"Patrick Smith Jr, Jordan Johnson, Oluwaseyi Adetukasi, Gabriel Osbuhein, Kaiyem Cleary","Manchester Basketball|0,11,22,3,9",1,1.2,74.0,4,2,3,66.7,0,1,0.0,0,0,0,0,0,0,1,0,0,0,0,2,3.0,133.3,69.4,63.9,3.24,2
London Lions,"Ethan Price, Ryan Mikesell, Chasson Jermar Randle, Aaryndeep Rai, Tarik Phillip","London Lions|10,11,2,21,22",1,1.2,70.0,4,2,2,100.0,0,0,0,0,0,0,0,0,0,0,0,0,0,0,3,2.0,200.0,104.2,95.8,3.43,1
London Lions,"Ethan Price, Tarik Phillip, Ciaran Sandy, Mohammad Al-Amin Abdul Adamu, Matthew Goodwin","London Lions|10,22,3,5,55",1,1.2,71.0,3,1,1,100.0,0,0,0,1,4,25.0,0,0,0,1,0,0,0,0,2,2.8,108.7,106.4,2.3,2.54,1
Leicester Riders,"Michael Mitchell Jr, Olutomiwa Sulaiman, Spencer Johnson, Flynn Boardman-Raffet, Emmanuel Akot","Leicester Riders|1,10,20,77,9",1,1.1,68.0,3,1,2,50.0,1,1,100.0,0,0,0,0,0,0,1,0,0,0,0,4,2.0,150.0,80.0,70.0,2.65,-1
Newcastle Eagles,"Maceo Jack, Cole Long, Brett Reed, Ray'sean Taylor, Mitch Clarke","Newcastle Eagles|14,15,24,3,41",1,1.1,65.0,0,0,1,0.0,0,1,0.0,0,0,0,0,0,0,0,0,0,1,0,4,2.0,0.0,100.0,-100.0,0.0,-4
Cheshire Phoenix,"Tobias Cameron, Patrick Robinson, Michael Diggins, Damiri Lindo, Skyler White","Cheshire Phoenix|11,13,2,9,99",1,1.1,67.0,0,0,1,0.0,0,0,0,0,0,0,0,0,0,0,0,0,0,0,0,1.0,0.0,0.0,0.0,0.0,0
B. Braun Sheffield Sharks,"Rodney Glasgow Jr, Prentiss Nixon, Nick Kern Jr, Rodney Chatman Iii, William Lee","B. Braun Sheffield Sharks|11,2,24,3,4",1,1.1,66.0,0,0,2,0.0,0,0,0,0,0,0,0,0,0,0,0,0,0,0,5,2.0,0.0,145.3,-145.3,0.0,-5
Newcastle Eagles,"Maceo Jack, Marco Anthony, Mitch Clarke, Deion Hammond, Gus Okafor","Newcastle Eagles|14,25,41,8,99",1,1.1,68.0,0,0,3,0.0,0,0,0,0,0,0,0,0,0,0,0,0,0,0,2,3.0,0.0,66.7,-66.7,0.0,-2
Bristol Flyers,"Milos Dugalic, William Yoakum, Darnell Brodie, Cameron Holden, Jonathan Brown","Bristol Flyers|25,3,51,7,9",1,1.1,67.0,0,0,1,0.0,0,0,0,0,0,0,0,0,0,0,0,0,1,0,3,2.0,0.0,129.3,-129.3,0.0,-3
Bristol Flyers,"Joseph Anderson, Zachary Anderson, Darnell Brodie, Cameron Holden, Jonathan Brown","Bristol Flyers|22,4,51,7,9",1,1.1,67.0,0,0,1,0.0,0,0,0,0,0,0,0,0,0,0,0,0,0,0,2,1.0,0.0,51.5,-51.5,0.0,-2
Bristol Flyers,"Owen Mccormack, Joseph Anderson, Milos Dugalic, Zachary Anderson, Jonathan Brown","Bristol Flyers|13,22,25,4,9",1,1.1,64.0,0,0,2,0.0,0,1,0.0,0,0,0,0,0,0,0,0,0,0,0,0,2.0,0.0,0.0,0.0,0.0,0
London Lions,"Jonathan Williams, Aaryndeep Rai, Tarik Phillip, Kameron Mcgusty, Deane Williams","London Lions|13,21,22,23,31",1,1.1,64.0,0,0,1,0.0,0,0,0,0,0,0,0,0,0,0,0,0,0,0,1,1.0,0.0,41.0,-41.0,0.0,-1
Bristol Flyers,"Joseph Anderson, Zachary Anderson, Darnell Brodie, Cameron Holden, Evan Walshe","Bristol Flyers|22,4,51,7,77",1,1.1,69.0,0,0,1,0.0,0,0,0,0,0,0,0,0,0,0,0,0,1,0,2,2.0,0.0,66.7,-66.7,0.0,-2
London Lions,"Chaundee Brown Jr, Aaryndeep Rai, Tarik Phillip, Deane Williams, Mohammad Al-Amin Abdul Adamu","London Lions|15,21,22,31,5",1,1.1,69.0,2,1,2,50.0,0,1,0.0,0,0,0,0,0,0,0,0,0,0,0,0,2.0,100.0,0.0,100.0,1.74,2
Surrey 89ers,"Tyrin Lawrence, Kino Lily Jr, Tayo Ogedengbe, Timothy Nwanko, Ronald Polite Iii","Surrey 89ers|10,12,15,19,7",1,1.1,66.0,2,1,1,100.0,0,0,0,0,0,0,0,0,0,0,0,0,0,0,2,1.0,200.0,100.0,100.0,1.82,0
Surrey 89ers,"Tyrin Lawrence, Kino Lily Jr, Tayo Ogedengbe, Michael Graham, Ronald Polite Iii","Surrey 89ers|10,12,15,21,7",1,1.1,63.0,4,0,1,0.0,0,0,0,4,4,100.0,0,0,0,1,0,0,0,0,0,2.8,144.9,0.0,144.9,3.81,4
Manchester Basketball,"Patrick Smith Jr, Jordan Johnson, Max Jones, Matthew Nicholson, Kaiyem Cleary","Manchester Basketball|0,11,2,34,9",1,1.1,65.0,2,1,3,33.3,0,0,0,0,0,0,0,0,0,0,0,0,0,0,3,3.0,66.7,75.0,-8.3,1.85,-1
Newcastle Eagles,"Maceo Jack, Cole Long, Ray'sean Taylor, Mitch Clarke, Deion Hammond","Newcastle Eagles|14,15,3,41,8",1,1.0,61.0,4,1,1,100.0,0,0,0,2,2,100.0,0,0,0,0,0,0,1,0,5,2.9,138.9,145.3,-6.5,3.93,-1
Bristol Flyers,"Joseph Anderson, William Yoakum, Zachary Anderson, Darnell Brodie, Jonathan Brown","Bristol Flyers|22,3,4,51,9",1,1.0,62.0,5,2,3,66.7,1,1,100.0,0,0,0,0,0,0,0,0,0,0,0,0,3.0,166.7,0.0,166.7,4.84,5
Leicester Riders,"Donald Carey Jr, Spencer Johnson, Raequan Battle, Victor Ndoukou, Travis Evee","Leicester Riders|13,20,21,25,3",1,1.0,62.0,3,1,2,50.0,1,1,100.0,0,0,0,0,0,0,0,0,0,2,0,2,4.0,75.0,100.0,-25.0,2.9,1
Surrey 89ers,"Isiah Small, Kino Lily Jr, Tayo Ogedengbe, Andrew Lawrence, Haydn Ling","Surrey 89ers|0,12,15,4,55",1,1.0,60.0,0,0,0,0,0,0,0,0,0,0,0,0,0,0,0,0,2,0,3,2.0,0.0,150.0,-150.0,0.0,-3
Surrey 89ers,"Isiah Small, Nedas Cholevinskas, Michael Graham, Tyrin Lawrence, Ronald Polite Iii","Surrey 89ers|0,17,21,33,7",1,1.0,60.0,4,1,2,50.0,0,1,0.0,2,2,100.0,0,0,0,2,0,0,0,0,4,2.9,138.9,103.1,35.8,4.0,0
Newcastle Eagles,"Maceo Jack, Emmanuel Kanwei, Ray'sean Taylor, Mitch Clarke, Gus Okafor","Newcastle Eagles|14,21,3,41,99",1,1.0,59.0,0,0,2,0.0,0,1,0.0,0,0,0,0,0,0,0,0,0,0,0,2,2.0,0.0,100.0,-100.0,0.0,-2
Surrey 89ers,"Isiah Small, Tyrin Lawrence, Kino Lily Jr, Timothy Nwanko, Ronald Polite Iii","Surrey 89ers|0,10,12,19,7",1,1.0,60.0,3,1,1,100.0,0,0,0,1,2,50.0,0,0,0,1,0,0,0,0,3,1.9,159.6,150.0,9.6,3.0,0
London Lions,"Joel Scott, Jonathan Williams, Kameron Mcgusty, Deane Williams, Morayo Soluade","London Lions|1,13,23,31,6",1,0.9,56.0,2,1,3,33.3,0,0,0,0,0,0,0,0,0,0,0,0,0,0,0,3.0,66.7,0.0,66.7,2.14,2
Caledonia Gladiators,"Kevin Allen, Ria'n Holland, Daylen Williams, Matthew Ragsdale, Ethan Wright","Caledonia Gladiators|0,10,15,24,40",1,0.9,52.0,2,0,1,0.0,0,1,0.0,2,2,100.0,0,0,0,0,0,0,1,0,3,2.9,69.4,159.6,-90.1,2.31,-1
London Lions,"Joel Scott, Jonathan Williams, Tarik Phillip, Kameron Mcgusty, Deane Williams","London Lions|1,13,22,23,31",1,0.9,52.0,3,1,1,100.0,0,0,0,1,2,50.0,0,0,0,0,0,0,0,0,2,1.9,159.6,69.4,90.1,3.46,1
Leicester Riders,"Aaron Menzies, Donald Carey Jr, Raequan Battle, Travis Evee, Emmanuel Akot","Leicester Riders|12,13,21,3,9",1,0.9,53.0,0,0,1,0.0,0,1,0.0,0,0,0,0,0,0,0,0,0,0,0,2,1.0,0.0,106.4,-106.4,0.0,-2
Surrey 89ers,"Isiah Small, Owen Koonce, Kino Lily Jr, Tayo Ogedengbe, Ronald Polite Iii","Surrey 89ers|0,1,12,15,7",3,0.9,52.0,3,0,2,0.0,0,0,0,3,3,100.0,0,0,0,2,0,0,1,0,3,4.3,69.4,90.4,-20.9,3.46,0
Newcastle Eagles,"Terrell Burden Jr, Maceo Jack, Cole Long, Ray'sean Taylor, Deion Hammond","Newcastle Eagles|1,14,15,3,8",2,0.9,56.0,2,1,3,33.3,0,2,0.0,0,0,0,0,0,0,1,0,0,0,0,7,3.0,66.7,147.1,-80.4,2.14,-5
London Lions,"Chaundee Brown Jr, Aaryndeep Rai, Tarik Phillip, Deane Williams, Shavar Reynolds Jr","London Lions|15,21,22,31,33",3,0.9,55.0,6,1,2,50.0,1,2,50.0,3,3,100.0,0,0,0,0,0,0,0,0,2,3.3,180.7,66.7,114.1,6.55,4
Leicester Riders,"Donald Carey Jr, Marc Loving, Raequan Battle, Travis Evee, Nathaniel Martin","Leicester Riders|13,2,21,3,41",2,0.9,52.0,0,0,1,0.0,0,1,0.0,0,0,0,0,0,0,0,0,0,1,0,2,2.0,0.0,106.4,-106.4,0.0,-2
Manchester Basketball,"Kyle Carey, Jordan Johnson, Max Jones, Oluwaseyi Adetukasi, Matthew Nicholson","Manchester Basketball|1,11,2,22,34",1,0.9,54.0,0,0,2,0.0,0,1,0.0,0,0,0,0,0,0,0,0,0,1,0,2,3.0,0.0,100.0,-100.0,0.0,-2
Cheshire Phoenix,"Patrick Robinson, Michael Diggins, Laquincy Rideau, Frankie Policelli","Cheshire Phoenix|13,2,3,5",1,0.9,52.0,3,0,1,0.0,0,0,0,3,4,75.0,0,0,0,0,0,0,0,0,5,2.8,108.7,112.6,-3.9,3.46,-2
Manchester Basketball,"Patrick Smith Jr, Jordan Johnson, Max Jones, Gabriel Osbuhein, Kaiyem Cleary","Manchester Basketball|0,11,2,3,9",1,0.9,55.0,0,0,1,0.0,0,1,0.0,0,0,0,0,0,0,0,0,0,0,0,4,1.0,0.0,103.1,-103.1,0.0,-4
Surrey 89ers,"Isiah Small, Kino Lily Jr, Nedas Cholevinskas, Haydn Ling, Ronald Polite Iii","Surrey 89ers|0,12,17,55,7",1,0.9,52.0,3,1,1,100.0,1,1,100.0,0,0,0,0,0,0,1,0,0,1,0,2,2.0,150.0,106.4,43.6,3.46,1
Leicester Riders,"Michael Mitchell Jr, Duke Shelton, Victor Ndoukou, Travis Evee, Flynn Boardman-Raffet","Leicester Riders|1,2,25,3,77",1,0.8,50.0,3,1,1,100.0,1,1,100.0,0,0,0,0,0,0,0,0,0,0,0,0,1.0,300.0,0.0,300.0,3.6,3
London Lions,"Joel Scott, Kameron Mcgusty, Ciaran Sandy, Deane Williams, Shavar Reynolds Jr","London Lions|1,23,3,31,33",1,0.8,50.0,0,0,1,0.0,0,1,0.0,0,0,0,0,0,0,0,0,0,0,0,3,1.0,0.0,300.0,-300.0,0.0,-3
Cheshire Phoenix,"Tobias Cameron, Patrick Robinson, Frankie Policelli, Damiri Lindo, Skyler White","Cheshire Phoenix|11,13,5,9,99",1,0.8,49.0,2,1,2,50.0,0,0,0,0,0,0,0,0,0,0,0,0,0,0,0,2.0,100.0,0.0,100.0,2.45,2
Leicester Riders,"Spencer Johnson, Victor Ndoukou, Travis Evee, Flynn Boardman-Raffet, Emmanuel Akot","Leicester Riders|20,25,3,77,9",1,0.8,47.0,0,0,1,0.0,0,1,0.0,0,0,0,0,0,0,0,0,0,0,0,4,1.0,0.0,212.8,-212.8,0.0,-4
Newcastle Eagles,"Maceo Jack, Emmanuel Kanwei, Marco Anthony, Ray'sean Taylor, Deion Hammond","Newcastle Eagles|14,21,25,3,8",1,0.8,51.0,0,0,0,0,0,0,0,0,1,0.0,0,0,0,0,0,0,1,0,0,1.4,0.0,0.0,0.0,0.0,0
Cheshire Phoenix,"Tobias Cameron, Michael Diggins, Jaxon Brenchley, Damiri Lindo, Skyler White","Cheshire Phoenix|11,2,23,9,99",1,0.8,51.0,2,1,1,100.0,0,0,0,0,0,0,0,0,0,0,0,0,1,0,0,2.0,100.0,0.0,100.0,2.35,2
London Lions,"Ethan Price, Chasson Jermar Randle, Tarik Phillip, Ciaran Sandy, Deane Williams","London Lions|10,2,22,3,31",1,0.8,50.0,0,0,1,0.0,0,0,0,0,0,0,0,0,0,0,0,0,0,0,0,1.0,0.0,0.0,0.0,0.0,0
Manchester Basketball,"Patrick Smith Jr, Max Jones, Oluwaseyi Adetukasi, Gabriel Osbuhein, Zak Irvin","Manchester Basketball|0,2,22,3,7",1,0.8,50.0,0,0,2,0.0,0,1,0.0,0,0,0,0,0,0,0,0,0,0,0,4,2.0,0.0,227.3,-227.3,0.0,-4
Manchester Basketball,"Patrick Smith Jr, Kayne Henry, Max Jones, Gabriel Osbuhein, Kaiyem Cleary","Manchester Basketball|0,13,2,3,9",2,0.8,49.0,3,1,3,33.3,0,1,0.0,1,2,50.0,0,0,0,2,0,0,0,0,0,3.9,77.3,0.0,77.3,3.67,3
Newcastle Eagles,"Maceo Jack, Marco Anthony, Ray'sean Taylor, Mitch Clarke, Gus Okafor","Newcastle Eagles|14,25,3,41,99",1,0.8,45.0,0,0,1,0.0,0,0,0,0,0,0,0,0,0,0,0,0,0,0,2,1.0,0.0,100.0,-100.0,0.0,-2
B. Braun Sheffield Sharks,"Dirk Williams, Mike Ochereobia, Rodney Chatman Iii, William Lee, Jordan Ratinho","B. Braun Sheffield Sharks|1,15,3,4,9",1,0.8,47.0,2,1,1,100.0,0,0,0,0,0,0,0,0,0,0,0,0,1,0,3,2.0,100.0,300.0,-200.0,2.55,-1
Caledonia Gladiators,"Ria'n Holland, Totonitoluwa Fagbenle, Matthew Ragsdale, Andrew Michael Gordon, Ethan Wright","Caledonia Gladiators|10,11,24,33,40",1,0.8,48.0,0,0,0,0,0,0,0,0,2,0.0,0,0,0,0,0,0,1,0,2,1.9,0.0,227.3,-227.3,0.0,-2
Manchester Basketball,"Patrick Smith Jr, Kayne Henry, Max Jones, Oluwaseyi Adetukasi, Kaiyem Cleary","Manchester Basketball|0,13,2,22,9",1,0.8,46.0,0,0,2,0.0,0,1,0.0,0,0,0,0,0,0,0,0,0,0,0,0,2.0,0.0,0.0,0.0,0.0,0
Leicester Riders,"Donald Carey Jr, Marc Loving, Spencer Johnson, Nathaniel Martin, Flynn Boardman-Raffet","Leicester Riders|13,2,20,41,77",1,0.8,47.0,5,1,1,100.0,1,1,100.0,2,4,50.0,0,0,0,1,0,0,1,0,0,3.8,133.0,0.0,133.0,6.38,5
London Lions,"Jonathan Williams, Karolis Lukosiunas, Chasson Jermar Randle, Aaryndeep Rai, Tarik Phillip","London Lions|13,16,2,21,22",1,0.8,48.0,0,0,1,0.0,0,1,0.0,0,0,0,0,0,0,0,0,0,0,0,3,1.0,0.0,300.0,-300.0,0.0,-3
London Lions,"Jonathan Williams, Aaryndeep Rai, Tarik Phillip, Deane Williams, Shavar Reynolds Jr","London Lions|13,21,22,31,33",1,0.8,45.0,3,1,1,100.0,1,1,100.0,0,0,0,0,0,0,1,0,0,1,0,2,2.0,150.0,69.4,80.6,4.0,1
Bristol Flyers,"Marcus Delpeche, Joseph Anderson, Milos Dugalic, Zachary Anderson, Jonathan Brown","Bristol Flyers|21,22,25,4,9",1,0.8,49.0,0,0,2,0.0,0,0,0,0,0,0,0,0,0,0,0,0,0,0,4,2.0,0.0,212.8,-212.8,0.0,-4
Surrey 89ers,"Isiah Small, Kino Lily Jr, Michael Graham, Tyrin Lawrence, Andrew Lawrence","Surrey 89ers|0,12,21,33,4",1,0.8,47.0,0,0,1,0.0,0,0,0,0,0,0,0,0,0,0,0,0,0,0,2,1.0,0.0,66.7,-66.7,0.0,-2
B. Braun Sheffield Sharks,"Dirk Williams, Mike Ochereobia, Prentiss Nixon, Rodney Chatman Iii, Mervin James","B. Braun Sheffield Sharks|1,15,2,3,5",1,0.8,50.0,2,0,2,0.0,0,1,0.0,2,2,100.0,0,0,0,0,0,0,0,0,5,2.9,69.4,250.0,-180.6,2.4,-3
B. Braun Sheffield Sharks,"Dirk Williams, Mike Ochereobia, Prentiss Nixon, Mervin James, Jordan Ratinho","B. Braun Sheffield Sharks|1,15,2,5,9",2,0.8,50.0,3,1,1,100.0,0,0,0,1,1,100.0,0,0,0,0,0,0,0,0,1,1.4,208.3,53.2,155.1,3.6,2
Bristol Flyers,"Owen Mccormack, Joseph Anderson, William Yoakum, Cameron Holden, Jonathan Brown","Bristol Flyers|13,22,3,7,9",1,0.8,45.0,0,0,1,0.0,0,0,0,0,0,0,0,0,0,0,0,0,0,0,0,1.0,0.0,0.0,0.0,0.0,0
Newcastle Eagles,"Maceo Jack, Ray'sean Taylor, Mitch Clarke, Deion Hammond, Gus Okafor","Newcastle Eagles|14,3,41,8,99",1,0.8,51.0,0,0,0,0,0,0,0,0,0,0,0,0,0,0,0,0,0,0,0,0.1,0.0,0.0,0.0,0.0,0
Caledonia Gladiators,"Ria'n Holland, Totonitoluwa Fagbenle, Charles Jett Speelman, Matthew Ragsdale, Ethan Wright","Caledonia Gladiators|10,11,22,24,40",1,0.8,46.0,1,0,0,0,0,0,0,1,2,50.0,0,0,0,0,0,0,1,0,3,1.9,53.2,90.4,-37.2,1.3,-2
Newcastle Eagles,"Maceo Jack, Cole Long, Emmanuel Kanwei, Mitch Clarke, Deion Hammond","Newcastle Eagles|14,15,21,41,8",1,0.8,48.0,0,0,1,0.0,0,0,0,0,0,0,0,0,0,0,0,0,0,0,2,1.0,0.0,106.4,-106.4,0.0,-2
Newcastle Eagles,"Maceo Jack, Emmanuel Kanwei, Ray'sean Taylor, Mitch Clarke, Deion Hammond","Newcastle Eagles|14,21,3,41,8",1,0.8,47.0,6,1,1,100.0,0,0,0,4,6,66.7,0,0,0,1,0,0,0,0,6,3.6,164.8,123.0,41.9,7.66,0
London Lions,"Ovie Soko, Joel Scott, Tarik Phillip, Deane Williams, Shavar Reynolds Jr","London Lions|0,1,22,31,33",1,0.7,44.0,0,0,0,0,0,0,0,0,0,0,0,0,0,2,0,0,0,0,5,0.1,0.0,250.0,-250.0,0.0,-5
Bristol Flyers,"Marcus Delpeche, Joseph Anderson, William Yoakum, Zachary Anderson, Cameron Holden","Bristol Flyers|21,22,3,4,7",2,0.7,44.0,2,1,1,100.0,0,0,0,0,0,0,0,0,0,0,0,0,0,0,2,1.0,200.0,200.0,0.0,2.73,0
Bristol Flyers,"Owen Mccormack, William Yoakum, Darnell Brodie, Cameron Holden, Jonathan Brown","Bristol Flyers|13,3,51,7,9",1,0.7,44.0,3,0,0,0,0,0,0,3,4,75.0,0,0,0,1,0,0,1,0,0,2.8,108.7,0.0,108.7,4.09,3
Caledonia Gladiators,"Kevin Allen, Ria'n Holland, Charles Jet Speelman, Matthew Ragsdale, Fraser Malcolm","Caledonia Gladiators|0,10,22,24,7",1,0.7,44.0,0,0,1,0.0,0,1,0.0,0,0,0,0,0,0,0,0,0,1,0,0,2.0,0.0,0.0,0.0,0.0,0
Caledonia Gladiators,"Ria'n Holland, Daylen Williams, Charles Jet Speelman, Ethan Wright, Fraser Malcolm","Caledonia Gladiators|10,15,22,40,7",1,0.7,42.0,0,0,1,0.0,0,0,0,0,0,0,0,0,0,0,0,0,0,0,4,1.0,0.0,138.9,-138.9,0.0,-4
Cheshire Phoenix,"Patrick Robinson, Michael Diggins, Jaxon Brenchley, Damiri Lindo, Skyler White","Cheshire Phoenix|13,2,23,9,99",2,0.7,43.0,4,2,3,66.7,0,1,0.0,0,0,0,0,0,0,0,0,0,0,0,0,3.0,133.3,0.0,133.3,5.58,4
Surrey 89ers,"Isiah Small, Kareem Queeley, Nedas Cholevinskas, Michael Graham, Ronald Polite Iii","Surrey 89ers|0,11,17,21,7",1,0.7,41.0,0,0,1,0.0,0,0,0,0,0,0,0,0,0,0,0,0,0,0,1,1.0,0.0,69.4,-69.4,0.0,-1
Surrey 89ers,"Kareem Queeley, Kino Lily Jr, Tayo Ogedengbe, Nedas Cholevinskas, Michael Graham","Surrey 89ers|11,12,15,17,21",1,0.7,44.0,2,1,2,50.0,0,0,0,0,0,0,0,0,0,0,0,0,0,0,0,2.0,100.0,0.0,100.0,2.73,2
Bristol Flyers,"Marcus Delpeche, Joseph Anderson, Milos Dugalic, William Yoakum, Cameron Holden","Bristol Flyers|21,22,25,3,7",1,0.7,41.0,0,0,0,0,0,0,0,0,0,0,0,0,0,0,0,0,1,0,4,1.0,0.0,200.0,-200.0,0.0,-4
Caledonia Gladiators,"Ria'n Holland, Totonitoluwa Fagbenle, Charles Jet Speelman, Matthew Ragsdale, Fraser Malcolm","Caledonia Gladiators|10,11,22,24,7",1,0.7,41.0,0,0,0,0,0,0,0,0,0,0,0,0,0,1,0,0,0,0,4,0.1,0.0,212.8,-212.8,0.0,-4
Manchester Basketball,"Patrick Smith Jr, Max Jones, Gabriel Osbuhein, Matthew Nicholson, Kaiyem Cleary","Manchester Basketball|0,2,3,34,9",1,0.7,43.0,0,0,2,0.0,0,0,0,0,0,0,0,0,0,0,0,0,0,0,3,2.0,0.0,300.0,-300.0,0.0,-3
Cheshire Phoenix,"Patrick Robinson, Matthew Zona, Laquincy Rideau, Frankie Policelli, Damiri Lindo","Cheshire Phoenix|13,24,3,5,9",1,0.7,43.0,2,1,1,100.0,0,0,0,0,0,0,0,0,0,0,0,0,0,0,0,1.0,200.0,0.0,200.0,2.79,2
B. Braun Sheffield Sharks,"Dirk Williams, Mike Ochereobia, Rodney Chatman Iii, Mervin James, Jordan Ratinho","B. Braun Sheffield Sharks|1,15,3,5,9",2,0.7,39.0,2,0,1,0.0,0,1,0.0,2,2,100.0,0,0,0,0,0,0,1,0,4,2.9,69.4,200.0,-130.6,3.08,-2
Leicester Riders,"Olutomiwa Sulaiman, Marc Loving, Spencer Johnson, Travis Evee, Flynn Boardman-Raffet","Leicester Riders|10,2,20,3,77",1,0.7,43.0,2,0,1,0.0,0,1,0.0,2,2,100.0,0,0,0,1,0,0,0,0,0,1.9,106.4,0.0,106.4,2.79,2
London Lions,"Chaundee Brown Jr, Aaryndeep Rai, Tarik Phillip, Ciaran Sandy, Shavar Reynolds Jr","London Lions|15,21,22,3,33",1,0.7,40.0,0,0,1,0.0,0,1,0.0,0,0,0,0,0,0,0,0,0,0,0,2,1.0,0.0,227.3,-227.3,0.0,-2
Surrey 89ers,"Isiah Small, Tyrin Lawrence, Kino Lily Jr, Nedas Cholevinskas, Timothy Nwankwo","Surrey 89ers|0,10,12,17,19",1,0.7,42.0,3,1,1,100.0,1,1,100.0,0,0,0,0,0,0,0,0,0,1,0,0,2.0,150.0,0.0,150.0,4.29,3
London Lions,"Karolis Lukosiunas, Aaryndeep Rai, Tarik Phillip, Deane Williams, Shavar Reynolds Jr","London Lions|16,21,22,31,33",1,0.7,42.0,0,0,2,0.0,0,0,0,0,0,0,0,0,0,0,0,0,0,0,3,2.0,0.0,150.0,-150.0,0.0,-3
Caledonia Gladiators,"Charles Jett Speelman, Matthew Ragsdale, Ethan Wright, Dwaine Jones Jr, Lloyd Alvin Bryan Jr","Caledonia Gladiators|22,24,40,5,56",1,0.7,44.0,0,0,1,0.0,0,0,0,0,0,0,0,0,0,0,0,0,0,0,3,1.0,0.0,300.0,-300.0,0.0,-3
London Lions,"Ovie Soko, Karolis Lukosiunas, Deane Williams, Shavar Reynolds Jr, Mohammad Al-Amin Abdul Adamu","London Lions|0,16,31,33,5",1,0.7,43.0,0,0,2,0.0,0,0,0,0,0,0,0,0,0,0,0,0,0,0,0,2.0,0.0,0.0,0.0,0.0,0
London Lions,"Ethan Price, Chasson Jermar Randle, Tarik Phillip, Ciaran Sandy, Matthew Goodwin","London Lions|10,2,22,3,55",1,0.7,40.0,2,1,2,50.0,0,1,0.0,0,0,0,0,0,0,0,0,0,0,0,0,2.0,100.0,0.0,100.0,3.0,2
B. Braun Sheffield Sharks,"Dirk Williams, Mike Ochereobia, Prentiss Nixon, Rodney Chatman Iii, William Lee","B. Braun Sheffield Sharks|1,15,2,3,4",1,0.6,36.0,0,0,0,0,0,0,0,0,0,0,0,0,0,0,0,0,1,0,3,1.0,0.0,150.0,-150.0,0.0,-3
Caledonia Gladiators,"Ria'n Holland, Totonitoluwa Fagbenle, Charles Jet Speelman, Matthew Ragsdale, Kyle Jimenez","Caledonia Gladiators|10,11,22,24,6",1,0.6,38.0,0,0,0,0,0,0,0,0,0,0,0,0,0,1,0,0,0,0,2,0.1,0.0,106.4,-106.4,0.0,-2
Caledonia Gladiators,"Ria'n Holland, Daylen Williams, Charles Jet Speelman, Matthew Ragsdale, Ethan Wright","Caledonia Gladiators|10,15,22,24,40",1,0.6,38.0,2,1,2,50.0,0,0,0,0,1,0.0,0,0,0,0,0,0,0,0,0,2.4,82.0,0.0,82.0,3.16,2
Manchester Basketball,"Patrick Smith Jr, Kyle Carey, Oluwaseyi Adetukasi, Matthew Nicholson, Zak Irvin","Manchester Basketball|0,1,22,34,7",1,0.6,35.0,1,0,0,0,0,0,0,1,1,100.0,0,0,0,0,0,0,1,0,0,1.4,69.4,0.0,69.4,1.71,1
Newcastle Eagles,"Darius Defoe, Maceo Jack, Ray'sean Taylor, Mitch Clarke, Gus Okafor","Newcastle Eagles|13,14,3,41,99",1,0.6,34.0,0,0,0,0,0,0,0,0,0,0,0,0,0,0,0,0,1,0,1,1.0,0.0,227.3,-227.3,0.0,-1
Leicester Riders,"Aaron Menzies, Marc Loving, Spencer Johnson, Raequan Battle, Travis Evee","Leicester Riders|12,2,20,21,3",1,0.6,37.0,3,1,1,100.0,0,0,0,1,2,50.0,0,0,0,1,0,0,0,0,3,1.9,159.6,300.0,-140.4,4.86,0
Manchester Basketball,"Jordan Johnson, Oluwaseyi Adetukasi, Gabriel Osabuohien, Zak Irvin, Kaiyem Cleary","Manchester Basketball|11,22,3,7,9",1,0.6,37.0,0,0,1,0.0,0,1,0.0,0,0,0,0,0,0,0,0,0,1,0,1,2.0,0.0,53.2,-53.2,0.0,-1
Surrey 89ers,"Owen Koonce, Kino Lily Jr, Timothy Nwanko, Michael Graham, Ronald Polite Iii","Surrey 89ers|1,12,19,21,7",1,0.6,33.0,0,0,0,0,0,0,0,0,0,0,0,0,0,0,0,0,1,0,0,1.0,0.0,0.0,0.0,0.0,0
London Lions,"Ethan Price, Karolis Lukosiunas, Tarik Phillip, Deane Williams, Mohammad Al-Amin Abdul Adamu","London Lions|10,16,22,31,5",1,0.6,38.0,0,0,0,0,0,0,0,0,0,0,0,0,0,0,0,0,1,0,3,1.0,0.0,150.0,-150.0,0.0,-3
Manchester Basketball,"Jordan Johnson, Max Jones, Matthew Nicholson, Cody John, Zak Irvin","Manchester Basketball|11,2,34,5,7",1,0.5,28.0,0,0,0,0,0,0,0,0,0,0,0,0,0,0,0,0,0,0,0,0.1,0.0,0.0,0.0,0.0,0
B. Braun Sheffield Sharks,"Prentiss Nixon, Nick Kern Jr, Rodney Chatman Iii, William Lee, Jordan Ratinho","B. Braun Sheffield Sharks|2,24,3,4,9",2,0.5,30.0,4,2,4,50.0,0,2,0.0,0,0,0,0,0,0,0,0,0,0,0,6,4.0,100.0,132.7,-32.7,8.0,-2
B. Braun Sheffield Sharks,"Dirk Williams, Prentiss Nixon, Nick Kern Jr, Rodney Chatman Iii, William Lee","B. Braun Sheffield Sharks|1,2,24,3,4",1,0.5,31.0,0,0,0,0,0,0,0,0,0,0,0,0,0,0,0,0,2,0,6,2.0,0.0,245.9,-245.9,0.0,-6
Cheshire Phoenix,"Tobias Cameron, Michael Diggins, Jaxon Brenchley, Matthew Zona, Damiri Lindo","Cheshire Phoenix|11,2,23,24,9",1,0.5,30.0,2,1,1,100.0,0,0,0,0,0,0,0,0,0,0,0,0,0,0,1,1.0,200.0,53.2,146.8,4.0,1
Newcastle Eagles,"Maceo Jack, Emmanuel Kanwei, Marco Anthony, Mitch Clarke, Deion Hammond","Newcastle Eagles|14,21,25,41,8",1,0.5,30.0,1,0,1,0.0,0,0,0,1,2,50.0,0,0,0,0,0,0,0,0,2,1.9,53.2,200.0,-146.8,2.0,-1
Surrey 89ers,"Isiah Small, Kareem Queeley, Kino Lily Jr, Tayo Ogedengbe, Nedas Cholevinskas","Surrey 89ers|0,11,12,15,17",1,0.5,28.0,0,0,0,0,0,0,0,0,0,0,0,0,0,0,0,0,1,0,3,1.0,0.0,300.0,-300.0,0.0,-3
Manchester Basketball,"Patrick Smith Jr, Kayne Henry, Max Jones, Matthew Nicholson, Zak Irvin","Manchester Basketball|0,13,2,34,7",1,0.5,28.0,3,1,1,100.0,1,1,100.0,0,0,0,0,0,0,0,0,0,0,0,0,1.0,300.0,0.0,300.0,6.43,3
B. Braun Sheffield Sharks,"Dirk Williams, Rodney Glasgow Jr, Jalen Deloach, Mervin James, Jordan Ratinho","B. Braun Sheffield Sharks|1,11,23,5,9",1,0.5,31.0,0,0,2,0.0,0,0,0,0,0,0,0,0,0,0,0,0,0,0,3,2.0,0.0,208.3,-208.3,0.0,-3
Manchester Basketball,"Patrick Smith Jr, Kyle Carey, Oluwaseyi Adetukasi, Zak Irvin, Kaiyem Cleary","Manchester Basketball|0,1,22,7,9",1,0.5,28.0,0,0,1,0.0,0,0,0,0,0,0,0,0,0,0,0,0,0,0,2,1.0,0.0,100.0,-100.0,0.0,-2
Newcastle Eagles,"Maceo Jack, Emmanuel Kanwei, Mitch Clarke, Deion Hammond, Sauveur Kande","Newcastle Eagles|14,21,41,8,9",1,0.5,29.0,0,0,1,0.0,0,0,0,0,0,0,0,0,0,0,0,0,0,0,2,1.0,0.0,100.0,-100.0,0.0,-2
Cheshire Phoenix,"Patrick Robinson, Michael Diggins, Laquincy Rideau, Damiri Lindo, Skyler White","Cheshire Phoenix|13,2,3,9,99",1,0.4,23.0,0,0,0,0,0,0,0,0,0,0,0,0,0,0,0,0,0,0,0,0.1,0.0,0.0,0.0,0.0,0
London Lions,"Joel Scott, Ethan Price, Tarik Phillip, Ciaran Sandy, Shavar Reynolds Jr","London Lions|1,10,22,3,33",1,0.4,25.0,0,0,0,0,0,0,0,0,0,0,0,0,0,0,0,0,0,0,0,0.1,0.0,0.0,0.0,0.0,0
Leicester Riders,"Spencer Johnson, Victor Ndoukou, Travis Evee, Raequan Battle, Emmanuel Akot","Leicester Riders|20,25,3,7,9",1,0.4,25.0,0,0,0,0,0,0,0,0,0,0,0,0,0,0,0,0,1,0,3,1.0,0.0,300.0,-300.0,0.0,-3
London Lions,"Ethan Price, Karolis Lukosiunas, Deane Williams, Mohammad Al-Amin Abdul Adamu, Morayo Soluade","London Lions|10,16,31,5,6",1,0.4,22.0,0,0,0,0,0,0,0,0,0,0,0,0,0,0,0,0,0,0,0,0.1,0.0,0.0,0.0,0.0,0
Caledonia Gladiators,"Ria'n Holland, Daylen Williams, Matthew Ragsdale, Ethan Wright, Fraser Malcolm","Caledonia Gladiators|10,15,24,40,7",1,0.4,25.0,3,1,2,50.0,1,2,50.0,0,0,0,0,0,0,1,0,0,0,0,5,2.0,150.0,181.2,-31.2,7.2,-2
B. Braun Sheffield Sharks,"Rodney Glasgow Jr, Mike Ochereobia, Prentiss Nixon, Rodney Chatman Iii, William Lee","B. Braun Sheffield Sharks|11,15,2,3,4",2,0.4,22.0,0,0,0,0,0,0,0,0,0,0,0,0,0,0,0,0,1,0,0,1.0,0.0,0.0,0.0,0.0,0
Bristol Flyers,"Marcus Delpeche, William Yoakum, Zachary Anderson, Cameron Holden, Jonathan Brown","Bristol Flyers|21,3,4,7,9",1,0.4,22.0,0,0,1,0.0,0,1,0.0,0,0,0,0,0,0,0,0,0,0,0,3,1.0,0.0,300.0,-300.0,0.0,-3
Bristol Flyers,"Owen Mccormack, Marcus Delpeche, Joseph Anderson, Zachary Anderson, Jonathan Brown","Bristol Flyers|13,21,22,4,9",1,0.4,23.0,0,0,1,0.0,0,1,0.0,0,0,0,0,0,0,0,0,0,0,0,0,1.0,0.0,0.0,0.0,0.0,0
Bristol Flyers,"Owen Mccormack, Joseph Anderson, William Yoakum, Zachary Anderson, Jonathan Brown","Bristol Flyers|13,22,3,4,9",1,0.4,26.0,2,1,1,100.0,0,0,0,0,0,0,0,0,0,1,0,0,0,0,2,1.0,200.0,200.0,0.0,4.62,0
Caledonia Gladiators,"Ria'n Holland, Totonitoluwa Fagbenle, Daniel Carr, Kyle Jimenez, Fraser Malcolm","Caledonia Gladiators|10,11,14,6,7",1,0.4,26.0,1,0,0,0,0,0,0,1,1,100.0,0,0,0,1,0,0,0,0,2,0.4,227.3,100.0,127.3,2.31,-1
Surrey 89ers,"Isiah Small, Kino Lily Jr, Nedas Cholevinskas, Timothy Nwankwo, Ronald Polite Iii","Surrey 89ers|0,12,17,19,7",1,0.4,26.0,0,0,0,0,0,0,0,0,0,0,0,0,0,0,0,0,0,0,1,0.1,0.0,227.3,-227.3,0.0,-1
Leicester Riders,"Olutomiwa Sulaiman, Aaron Menzies, Spencer Johnson, Nathaniel Martin, Flynn Boardman-Raffet","Leicester Riders|10,12,20,41,77",1,0.4,22.0,0,0,0,0,0,0,0,0,0,0,0,0,0,0,0,0,0,0,0,0.1,0.0,0.0,0.0,0.0,0
London Lions,"Johnathan Williams, Tarik Phillip, Deane Williams, Shavar Reynolds Jr, Mohammad Al-Amin Abdul Adamu","London Lions|13,22,31,33,5",1,0.4,25.0,4,0,1,0.0,0,1,0.0,4,5,80.0,0,0,0,1,0,0,0,0,0,3.2,125.0,0.0,125.0,9.6,4
B. Braun Sheffield Sharks,"Mike Ochereobia, Prentiss Nixon, Jalen Deloach, Rodney Chatman Iii, William Lee","B. Braun Sheffield Sharks|15,2,23,3,4",1,0.3,21.0,3,1,1,100.0,1,1,100.0,0,0,0,0,0,0,1,0,0,0,0,0,1.0,300.0,0.0,300.0,8.57,3
London Lions,"Ethan Price, Chasson Jermar Randle, Tarik Phillip, Kameron Mcgusty, Deane Williams","London Lions|10,2,22,23,31",1,0.3,21.0,0,0,1,0.0,0,1,0.0,0,0,0,0,0,0,0,0,0,0,0,0,1.0,0.0,0.0,0.0,0.0,0
Bristol Flyers,"Milos Dugalic, Zachary Anderson, Darnell Brodie, Cameron Holden, Jonathan Brown","Bristol Flyers|25,4,51,7,9",1,0.3,16.0,0,0,0,0,0,0,0,0,0,0,0,0,0,0,0,0,1,0,0,1.0,0.0,0.0,0.0,0.0,0
Bristol Flyers,"Owen Mccormack, Milos Dugalic, Pasquale Landolfi, Darnell Brodie, Jonathan Brown","Bristol Flyers|13,25,40,51,9",1,0.3,16.0,0,0,0,0,0,0,0,0,0,0,0,0,0,0,0,0,0,0,0,0.1,0.0,0.0,0.0,0.0,0
Caledonia Gladiators,"Kevin Allen, Ria'n Holland, Charles Jet Speelman, Matthew Ragsdale, Ethan Wright","Caledonia Gladiators|0,10,22,24,40",1,0.3,19.0,0,0,0,0,0,0,0,0,0,0,0,0,0,1,0,0,0,0,2,0.1,0.0,200.0,-200.0,0.0,-2
Manchester Basketball,"Patrick Smith Jr, Kyle Carey, Oluwaseyi Adetukasi, Matthew Nicholson, Kaiyem Cleary","Manchester Basketball|0,1,22,34,9",1,0.3,16.0,0,0,0,0,0,0,0,0,0,0,0,0,0,0,0,0,0,0,0,0.1,0.0,0.0,0.0,0.0,0
Bristol Flyers,"Owen Mccormack, Marcus Delpeche, Cameron Holden, Evan Walshe, Jonathan Brown","Bristol Flyers|13,21,7,77,9",1,0.3,19.0,0,0,0,0,0,0,0,0,0,0,0,0,0,0,0,0,0,0,0,0.1,0.0,0.0,0.0,0.0,0
Manchester Basketball,"Patrick Smith Jr, Jordan Johnson, Oluwaseyi Adetukasi, Duke Shelton, Zak Irvin","Manchester Basketball|0,11,22,30,7",1,0.3,20.0,0,0,0,0,0,0,0,0,0,0,0,0,0,0,0,0,0,0,1,0.1,0.0,113.6,-113.6,0.0,-1
Manchester Basketball,"Patrick Smith Jr, Jordan Johnson, Kayne Henry, Oluwaseyi Adetukasi, Zak Irvin","Manchester Basketball|0,11,13,22,7",1,0.3,21.0,2,0,0,0,0,0,0,2,2,100.0,0,0,0,0,0,0,0,0,2,0.9,227.3,227.3,0.0,5.71,0
Manchester Basketball,"Kyle Carey, Max Jones, Oluwaseyi Adetukasi, Matthew Nicholson, Kaiyem Cleary","Manchester Basketball|1,2,22,34,9",1,0.3,16.0,1,0,0,0,0,0,0,1,1,100.0,0,0,0,1,0,0,0,0,0,0.4,227.3,0.0,227.3,3.75,1
Manchester Basketball,"Patrick Smith Jr, Jordan Johnson, Max Jones, Oluwaseyi Adetukasi, Matthew Nicholson","Manchester Basketball|0,11,2,22,34",1,0.3,19.0,0,0,0,0,0,0,0,0,0,0,0,0,0,0,0,0,0,0,2,0.1,0.0,227.3,-227.3,0.0,-2
Surrey 89ers,"Isiah Small, Kareem Queeley, Kino Lily Jr, Tayo Ogedengbe, Michael Graham","Surrey 89ers|0,11,12,15,21",1,0.2,12.0,0,0,0,0,0,0,0,0,0,0,0,0,0,0,0,0,0,0,0,0.1,0.0,0.0,0.0,0.0,0
Bristol Flyers,"Joseph Anderson, Milos Dugalic, William Yoakum, Darnell Brodie, Cameron Holden","Bristol Flyers|22,25,3,51,7",1,0.2,15.0,2,1,1,100.0,0,0,0,0,0,0,0,0,0,1,0,0,0,0,0,1.0,200.0,0.0,200.0,8.0,2
Leicester Riders,"Donald Carey Jr, Spencer Johnson, Raequan Battle, Travis Evee, Flynn Boardman-Raffet","Leicester Riders|13,20,21,3,77",1,0.2,12.0,0,0,0,0,0,0,0,0,0,0,0,0,0,0,0,0,0,0,0,0.1,0.0,0.0,0.0,0.0,0
Caledonia Gladiators,"Totonitoluwa Fagbenle, Malcolm Delpeche, Ethan Wright, Dwaine Jones Jr, Fraser Malcolm","Caledonia Gladiators|11,15,40,5,7",1,0.2,14.0,0,0,0,0,0,0,0,0,0,0,0,0,0,0,0,0,0,0,2,0.1,0.0,200.0,-200.0,0.0,-2
Manchester Basketball,"Patrick Smith Jr, Kyle Carey, Max Jones, Matthew Nicholson, Zak Irvin","Manchester Basketball|0,1,2,34,7",1,0.2,14.0,2,1,1,100.0,0,0,0,0,0,0,0,0,0,0,0,0,0,0,0,1.0,200.0,0.0,200.0,8.57,2
Newcastle Eagles,"Terrell Burden Jr, Maceo Jack, Cole Long, Mitch Clarke, Deion Hammond","Newcastle Eagles|1,14,15,41,8",2,0.2,10.0,1,0,0,0,0,0,0,1,1,100.0,0,0,0,1,0,0,0,0,1,0.4,227.3,227.3,0.0,6.0,0
Bristol Flyers,"Owen Mccormack, Joseph Anderson, Zachary Anderson, Evan Walshe, Jonathan Brown","Bristol Flyers|13,22,4,77,9",1,0.2,14.0,2,1,2,50.0,0,1,0.0,0,1,0.0,0,0,0,0,0,0,1,0,3,3.4,58.1,300.0,-241.9,8.57,-1
Manchester Basketball,"Patrick Smith Jr, Kayne Henry, Max Jones, Oluwaseyi Adetukasi, Zak Irvin","Manchester Basketball|0,13,2,22,7",1,0.2,13.0,1,0,0,0,0,0,0,1,2,50.0,0,0,0,0,0,0,0,0,0,0.9,113.6,0.0,113.6,4.62,1
Caledonia Gladiators,"Ria'n Holland, Daniel Carr, Charles Jett Speelman, Matthew Ragsdale, Ethan Wright","Caledonia Gladiators|10,14,22,24,40",1,0.2,14.0,2,1,1,100.0,0,0,0,0,0,0,0,0,0,1,0,0,0,0,2,1.0,200.0,227.3,-27.3,8.57,0
Manchester Basketball,"Patrick Smith Jr, Jordan Johnson, Oluwaseyi Adetukasi, Gabriel Osabuohien, Kaiyem Cleary","Manchester Basketball|0,11,22,3,9",1,0.2,14.0,5,0,0,0,0,0,0,5,5,100.0,0,0,0,0,0,0,0,0,2,2.2,227.3,200.0,27.3,21.43,3
Newcastle Eagles,"Maceo Jack, Cole Long, Ray'sean Taylor, Mitch Clarke, Sauveur Kande","Newcastle Eagles|14,15,3,41,9",1,0.2,15.0,0,0,0,0,0,0,0,0,0,0,0,0,0,0,0,0,0,0,0,0.1,0.0,0.0,0.0,0.0,0
London Lions,"Ovie Soko, Karolis Lukosiunas, Aaryndeep Rai, Tarik Phillip, Mohammad Al-Amin Abdul Adamu","London Lions|0,16,21,22,5",1,0.2,15.0,0,0,0,0,0,0,0,0,0,0,0,0,0,0,0,0,0,0,0,0.1,0.0,0.0,0.0,0.0,0
Newcastle Eagles,"Maceo Jack, Cole Long, Brett Reed, Marco Anthony, Ray'sean Taylor","Newcastle Eagles|14,15,24,25,3",1,0.1,6.0,0,0,1,0.0,0,1,0.0,0,0,0,0,0,0,0,0,0,0,0,1,1.0,0.0,53.2,-53.2,0.0,-1
Leicester Riders,"Michael Mitchell Jr, Olutomiwa Sulaiman, Travis Evee, Flynn Boardman-Raffet, Emmanuel Akot","Leicester Riders|1,10,3,77,9",1,0.1,4.0,0,0,0,0,0,0,0,0,0,0,0,0,0,0,0,0,0,0,0,0.1,0.0,0.0,0.0,0.0,0
London Lions,"Jonathan Williams, Kameron Mcgusty, Deane Williams, Mohammad Al-Amin Abdul Adamu, Morayo Soluade","London Lions|13,23,31,5,6",1,0.1,9.0,0,0,0,0,0,0,0,0,0,0,0,0,0,0,0,0,0,0,0,0.1,0.0,0.0,0.0,0.0,0
London Lions,"Joel Scott, Kameron Mcgusty, Deane Williams, Mohammad Al-Amin Abdul Adamu, Morayo Soluade","London Lions|1,23,31,5,6",1,0.1,9.0,1,0,0,0,0,0,0,1,2,50.0,0,0,0,0,0,0,0,0,0,0.9,113.6,0.0,113.6,6.67,1
Caledonia Gladiators,"Ria'n Holland, Totonitoluwa Fagbenle, Daniel Carr, Matthew Ragsdale, Ethan Wright","Caledonia Gladiators|10,11,14,24,40",1,0.1,7.0,0,0,0,0,0,0,0,0,0,0,0,0,0,0,0,0,0,0,0,0.1,0.0,0.0,0.0,0.0,0
Caledonia Gladiators,"Ria'n Holland, Totonitoluwa Fagbenle, Daylen Williams, Matthew Ragsdale, Kyle Jimenez","Caledonia Gladiators|10,11,15,24,6",1,0.1,6.0,0,0,0,0,0,0,0,0,0,0,0,0,0,0,0,0,0,0,1,0.1,0.0,113.6,-113.6,0.0,-1
Bristol Flyers,"Owen Mccormack, Milos Dugalic, William Yoakum, Cameron Holden, Jonathan Brown","Bristol Flyers|13,25,3,7,9",1,0.1,3.0,0,0,0,0,0,0,0,0,0,0,0,0,0,0,0,0,0,0,3,0.1,0.0,300.0,-300.0,0.0,-3
London Lions,"Joel Scott, Aaryndeep Rai, Tarik Phillip, Ciaran Sandy, Deane Williams","London Lions|1,21,22,3,31",1,0.1,4.0,0,0,0,0,0,0,0,0,0,0,0,0,0,0,0,0,0,0,0,0.1,0.0,0.0,0.0,0.0,0
Manchester Basketball,"Patrick Smith Jr, Kayne Henry, Max Jones, Gabriel Osbuhein, Zak Irvin","Manchester Basketball|0,13,2,3,7",1,0.1,6.0,0,0,1,0.0,0,1,0.0,0,0,0,0,0,0,0,0,0,0,0,2,1.0,0.0,227.3,-227.3,0.0,-2
Bristol Flyers,"Marcus Delpeche, Joseph Anderson, William Yoakum, Zachary Anderson, Jonathan Brown","Bristol Flyers|21,22,3,4,9",1,0.1,7.0,1,0,0,0,0,0,0,1,1,100.0,0,0,0,0,0,0,1,0,3,1.4,69.4,300.0,-230.6,8.57,-2
Newcastle Eagles,"Maceo Jack, Ray'sean Taylor, Deion Hammond, Sauveur Kande, Gus Okafor","Newcastle Eagles|14,3,8,9,99",1,0.1,5.0,0,0,0,0,0,0,0,0,0,0,0,0,0,1,0,0,0,0,0,0.1,0.0,0.0,0.0,0.0,0
Newcastle Eagles,"Maceo Jack, Cole Long, Ray'sean Taylor, Sauveur Kande, Gus Okafor","Newcastle Eagles|14,15,3,9,99",1,0.1,9.0,3,1,2,50.0,1,1,100.0,0,0,0,0,0,0,1,0,0,0,0,2,2.0,150.0,113.6,36.4,20.0,1
Newcastle Eagles,"Maceo Jack, Cole Long, Mitch Clarke, Sauveur Kande, Gus Okafor","Newcastle Eagles|14,15,41,9,99",1,0.1,3.0,0,0,1,0.0,0,1,0.0,0,0,0,0,0,0,0,0,0,0,0,2,1.0,0.0,227.3,-227.3,0.0,-2
Manchester Basketball,"Patrick Smith Jr, Jordan Johnson, Max Jones, Oluwaseyi Adetukasi, Gabriel Osbuhein","Manchester Basketball|0,11,2,22,3",1,0.1,7.0,0,0,0,0,0,0,0,0,1,0.0,0,0,0,1,0,0,0,0,3,0.4,0.0,300.0,-300.0,0.0,-3
B. Braun Sheffield Sharks,"Dirk Williams, Nick Kern Jr, William Lee, Mervin James, Jordan Ratinho","B. Braun Sheffield Sharks|1,24,4,5,9",1,0.1,8.0,1,0,0,0,0,0,0,1,2,50.0,0,0,0,0,0,0,0,0,0,0.9,113.6,0.0,113.6,7.5,1
Cheshire Phoenix,"Michael Diggins, Jaxon Brenchley, Laquincy Rideau, Frankie Policelli, Skyler White","Cheshire Phoenix|2,23,3,5,99",1,0.1,8.0,0,0,0,0,0,0,0,0,0,0,0,0,0,0,0,0,0,0,1,0.1,0.0,113.6,-113.6,0.0,-1
Newcastle Eagles,"Terrell Burden Jr, Maceo Jack, Cole Long, Emmanuel Kanwei, Deion Hammond","Newcastle Eagles|1,14,15,21,8",1,0.1,8.0,0,0,0,0,0,0,0,0,0,0,0,0,0,0,0,0,0,0,0,0.1,0.0,0.0,0.0,0.0,0
Newcastle Eagles,"Terrell Burden Jr, Cole Long, Ray'sean Taylor, Mitch Clarke, Deion Hammond","Newcastle Eagles|1,15,3,41,8",1,0.1,7.0,3,0,0,0,0,0,0,3,3,100.0,0,0,0,0,0,0,0,0,0,1.3,227.3,0.0,227.3,25.71,3
Surrey 89ers,"Tyrin Lawrence, Kino Lily Jr, Tayo Ogedengbe, Andrew Lawrence, Haydn Ling","Surrey 89ers|10,12,15,4,55",1,0.1,5.0,0,0,0,0,0,0,0,0,0,0,0,0,0,0,0,0,0,0,0,0.1,0.0,0.0,0.0,0.0,0
Surrey 89ers,"Isiah Small, Tyrin Lawrence, Kino Lily Jr, Timothy Nwanko, Andrew Lawrence","Surrey 89ers|0,10,12,19,4",1,0.1,4.0,2,0,0,0,0,0,0,2,2,100.0,0,0,0,0,0,0,0,0,0,0.9,227.3,0.0,227.3,30.0,2
Manchester Basketball,"Kyle Carey, Kayne Henry, Max Jones, Oluwaseyi Adetukasi, Zak Irvin","Manchester Basketball|1,13,2,22,7",1,0.1,6.0,0,0,0,0,0,0,0,0,0,0,0,0,0,0,0,0,0,0,2,0.1,0.0,200.0,-200.0,0.0,-2
Manchester Basketball,"Patrick Smith Jr, Kyle Carey, Kayne Henry, Oluwaseyi Adetukasi, Zak Irvin","Manchester Basketball|0,1,13,22,7",1,0.1,8.0,2,0,0,0,0,0,0,2,2,100.0,0,0,0,0,0,0,0,0,0,0.9,227.3,0.0,227.3,15.0,2
Bristol Flyers,"Owen Mccormack, Joseph Anderson, Darnell Brodie, Evan Walshe, Jonathan Brown","Bristol Flyers|13,22,51,77,9",1,0.1,8.0,2,0,0,0,0,0,0,2,3,66.7,0,0,0,0,0,0,0,0,0,1.3,151.5,0.0,151.5,15.0,2
Bristol Flyers,"Cameron Christon, Zachary Anderson, Darnell Brodie, Cameron Holden, Jonathan Brown","Bristol Flyers|1,4,51,7,9",1,0.1,6.0,2,1,1,100.0,0,0,0,0,0,0,0,0,0,0,0,0,0,0,0,1.0,200.0,0.0,200.0,20.0,2
B. Braun Sheffield Sharks,"Dirk Williams, Mike Ochereobia, Prentiss Nixon, Nick Kern Jr, Mervin James","B. Braun Sheffield Sharks|1,15,2,24,5",1,0.1,7.0,2,1,3,33.3,0,2,0.0,0,0,0,0,0,0,0,0,0,0,0,2,3.0,66.7,227.3,-160.6,17.14,0
Manchester Basketball,"Jordan Johnson, Max Jones, Oluwaseyi Adetukasi, Duke Shelton, Kaiyem Cleary","Manchester Basketball|11,2,22,30,9",1,0.1,8.0,3,1,2,50.0,1,2,50.0,0,0,0,0,0,0,1,0,0,0,0,3,2.0,150.0,208.3,-58.3,22.5,0
London Lions,"Johnathan Williams, Aaryndeep Rai, Deane Williams, Shavar Reynolds Jr, Mohammad Al-Amin Abdul Adamu","London Lions|13,21,31,33,5",1,0.1,6.0,0,0,0,0,0,0,0,0,0,0,0,0,0,0,0,0,0,0,0,0.1,0.0,0.0,0.0,0.0,0
London Lions,"Ethan Price, Tarik Phillip, Deane Williams, Mohammad Al-Amin Abdul Adamu, Matthew Goodwin","London Lions|10,22,31,5,55",1,0.1,7.0,1,0,2,0.0,0,1,0.0,1,2,50.0,0,0,0,0,0,0,0,0,0,2.9,34.7,0.0,34.7,8.57,1
B. Braun Sheffield Sharks,"Dirk Williams, Rodney Glasgow Jr, Mike Ochereobia, Rodney Chatman Iii, Jordan Ratinho","B. Braun Sheffield Sharks|1,11,15,3,9",1,0.0,1.0,0,0,0,0,0,0,0,0,0,0,0,0,0,0,0,0,0,0,0,0.1,0.0,0.0,0.0,0.0,0
Newcastle Eagles,"Maceo Jack, Cole Long, Ray'sean Taylor, Mitch Clarke, Malcolm Smith","Newcastle Eagles|14,15,3,41,45",1,0.0,1.0,0,0,0,0,0,0,0,0,0,0,0,0,0,0,0,0,0,0,0,0.1,0.0,0.0,0.0,0.0,0
Leicester Riders,"Michael Mitchell Jr, Olutomiwa Sulaiman, Duke Shelton, Raequan Battle, Flynn Boardman-Raffet","Leicester Riders|1,10,2,7,77",1,0.0,1.0,0,0,0,0,0,0,0,0,0,0,0,0,0,0,0,0,0,0,0,0.1,0.0,0.0,0.0,0.0,0
London Lions,"Jonathan Williams, Chasson Jermar Randle, Tarik Phillip, Kameron Mcgusty, Deane Williams","London Lions|13,2,22,23,31",1,0.0,1.0,1,0,0,0,0,0,0,1,3,33.3,0,0,0,0,0,0,0,0,0,1.3,75.8,0.0,75.8,60.0,1
Caledonia Gladiators,"Kevin Allen, Ria'n Holland, Totonitoluwa Fagbenle, Daylen Williams, Matthew Ragsdale","Caledonia Gladiators|0,10,11,15,24",1,0.0,1.0,0,0,0,0,0,0,0,0,0,0,0,0,0,0,0,0,0,0,1,0.1,0.0,75.8,-75.8,0.0,-1
Bristol Flyers,"Joseph Anderson, William Yoakum, Zachary Anderson, Cameron Holden, Jonathan Brown","Bristol Flyers|22,3,4,7,9",1,0.0,2.0,2,0,0,0,0,0,0,2,2,100.0,0,0,0,0,0,0,0,0,0,0.9,227.3,0.0,227.3,60.0,2
Manchester Basketball,"Jordan Johnson, Kayne Henry, Max Jones, Gabriel Osbuhein, Kaiyem Cleary","Manchester Basketball|11,13,2,3,9",1,0.0,1.0,0,0,0,0,0,0,0,0,0,0,0,0,0,0,0,0,0,0,0,0.1,0.0,0.0,0.0,0.0,0
Cheshire Phoenix,"Greg Wild, Michael Diggins, Jaxon Brenchley, Matthew Zona, Frankie Policelli","Cheshire Phoenix|1,2,23,24,5",1,0.0,1.0,0,0,0,0,0,0,0,0,0,0,0,0,0,0,0,0,0,0,0,0.1,0.0,0.0,0.0,0.0,0
Cheshire Phoenix,"Jaxon Brenchley, Laquincy Rideau, Frankie Policelli, Damiri Lindo, Skyler White","Cheshire Phoenix|23,3,5,9,99",1,0.0,1.0,1,0,0,0,0,0,0,1,2,50.0,0,0,0,0,0,0,0,0,0,0.9,113.6,0.0,113.6,60.0,1
Surrey 89ers,"Owen Koonce, Kino Lily Jr, Tayo Ogedengbe, Andrew Lawrence, Ronald Polite Iii","Surrey 89ers|1,12,15,4,7",1,0.0,2.0,0,0,0,0,0,0,0,0,0,0,0,0,0,0,0,0,0,0,0,0.1,0.0,0.0,0.0,0.0,0
Newcastle Eagles,"Terrell Burden Jr, Maceo Jack, Cole Long, Emmanuel Kanwei, Mitch Clarke","Newcastle Eagles|1,14,15,21,41",1,0.0,2.0,2,0,0,0,0,0,0,2,3,66.7,0,0,0,0,0,0,0,0,0,1.3,151.5,0.0,151.5,60.0,2
Surrey 89ers,"Owen Koonce, Kino Lily Jr, Tayo Ogedengbe, Nedas Cholevinskas, Ronald Polite Iii","Surrey 89ers|1,12,15,17,7",1,0.0,2.0,0,0,0,0,0,0,0,0,0,0,0,0,0,0,0,0,0,0,2,0.1,0.0,151.5,-151.5,0.0,-2
Bristol Flyers,"Owen Mccormack, Zachary Anderson, Cameron Holden, Evan Walshe, Jonathan Brown","Bristol Flyers|13,4,7,77,9",1,0.0,1.0,0,0,0,0,0,0,0,0,0,0,0,0,0,0,0,0,0,0,0,0.1,0.0,0.0,0.0,0.0,0
Bristol Flyers,"Owen Mccormack, Zachary Anderson, Darnell Brodie, Cameron Holden, Jonathan Brown","Bristol Flyers|13,4,51,7,9",1,0.0,1.0,0,0,0,0,0,0,0,0,0,0,0,0,0,0,0,0,0,0,0,0.1,0.0,0.0,0.0,0.0,0
Manchester Basketball,"Kyle Carey, Jordan Johnson, Oluwaseyi Adetukasi, Matthew Nicholson, Kaiyem Cleary","Manchester Basketball|1,11,22,34,9",1,0.0,2.0,0,0,0,0,0,0,0,0,0,0,0,0,0,0,0,0,0,0,2,0.1,0.0,151.5,-151.5,0.0,-2
Surrey 89ers,"Tyrin Lawrence, Kino Lily Jr, Tayo Ogedengbe, Nedas Cholevinskas, Timothy Nwankwo","Surrey 89ers|10,12,15,17,19",1,0.0,1.0,0,0,0,0,0,0,0,0,0,0,0,0,0,0,0,0,0,0,0,0.1,0.0,0.0,0.0,0.0,0
London Lions,"Aaryndeep Rai, Tarik Phillip, Deane Williams, Shavar Reynolds Jr, Nigel Hawkins","London Lions|21,22,31,33,8",1,0.0,1.0,0,0,0,0,0,0,0,0,0,0,0,0,0,0,0,0,0,0,0,0.1,0.0,0.0,0.0,0.0,0
Bristol Flyers,"Owen Mccormack, Marcus Delpeche, Joseph Anderson, William Yoakum, Pasquale Landolfi","Bristol Flyers|13,21,22,3,40",1,0.0,1.0,0,0,0,0,0,0,0,0,0,0,0,0,0,0,0,0,0,0,0,0.1,0.0,0.0,0.0,0.0,0
London Lions,"Ethan Price, Chasson Jermar Randle, Aaryndeep Rai, Shavar Reynolds Jr, Mohammad Al-Amin Abdul Adamu","London Lions|10,2,21,33,5",1,0.0,1.0,0,0,0,0,0,0,0,0,0,0,0,0,0,0,0,0,0,0,0,0.1,0.0,0.0,0.0,0.0,0
London Lions,"Johnathan Williams, Chasson Jermar Randle, Deane Williams, Shavar Reynolds Jr, Mohammad Al-Amin Abdul Adamu","London Lions|13,2,31,33,5",1,0.0,1.0,0,0,0,0,0,0,0,0,0,0,0,0,0,0,0,0,0,0,0,0.1,0.0,0.0,0.0,0.0,0
